1,edavenell0,icolaco0@alexa.com,97,France,Electrical Engineer,yellow,4/18/2016,8/31/2022,66607
2,ahaldon1,rnattriss1@sbwire.com,18,Indonesia,Staff Accountant II,yellow,10/13/2013,4/15/2020,49694
3,hlain2,tsparshott2@bravesites.com,22,Madagascar,Marketing Assistant,green,3/19/2011,4/13/2021,54436
4,kgaskarth3,cdoucette3@jimdo.com,75,China,Chemical Engineer,yellow,11/4/2017,5/19/2020,35821
5,handersson4,alesslie4@sun.com,49,Philippines,Geological Engineer,red,12/29/2020,7/21/2020,44613
6,ufruser5,rmabbs5@weibo.com,79,Spain,VP Product Management,red,7/15/2013,11/13/2020,6969
7,nsey6,mmollindinia6@ucsd.edu,50,Albania,Civil Engineer,green,12/12/2017,3/12/2021,97143
8,bkebell7,mlocock7@dell.com,53,Russia,Community Outreach Specialist,yellow,9/10/2012,11/13/2021,31111
9,wfranciskiewicz8,erickword8@phoca.cz,39,Cuba,Operator,yellow,11/20/2010,5/19/2021,52493
10,ftonry9,ulathaye9@simplemachines.org,78,Czech Republic,Quality Control Specialist,green,6/7/2010,9/10/2022,78899
11,kwingatta,jgiacopazzia@indiegogo.com,50,Poland,Research Associate,yellow,11/14/2017,6/4/2020,46891
12,rvasyunkinb,agerrietb@unblog.fr,32,Montenegro,Sales Associate,purple,4/7/2017,5/19/2022,86712
13,ccavendishc,hshubothamc@dot.gov,93,China,Internal Auditor,green,10/15/2022,4/26/2020,60712
14,wmemoryd,hsandefordd@virginia.edu,28,Reunion,Compensation Analyst,blue,10/25/2016,12/7/2021,61359
15,jeykele,sgashe@elegantthemes.com,82,Poland,Assistant Professor,green,8/11/2017,2/17/2020,67892
16,lkenewellf,dgovanf@sohu.com,46,Philippines,Teacher,purple,6/28/2014,12/11/2020,14675
17,gkeetingg,preiglarg@dedecms.com,82,China,Dental Hygienist,purple,3/25/2016,6/13/2021,72898
18,ccarvilh,rhinksenh@smugmug.com,85,Spain,Sales Representative,blue,5/5/2010,11/28/2020,9450
19,cwhaleyi,adowgilli@shareasale.com,48,Reunion,Software Test Engineer III,yellow,8/4/2020,12/10/2020,4937
20,tpleacej,kgregonj@sogou.com,52,Portugal,Actuary,yellow,11/9/2014,7/25/2021,39866
21,lhaversk,pdeedesk@ow.ly,69,Czech Republic,Account Coordinator,red,9/27/2019,6/23/2022,48308
22,gholahl,astatonl@wikimedia.org,52,Poland,Legal Assistant,green,2/7/2020,4/19/2022,17895
23,egorim,rmarstersm@hubpages.com,53,Russia,Physical Therapy Assistant,yellow,2/20/2011,9/27/2022,73423
24,lfagann,gsilversmidtn@jalbum.net,53,Dominican Republic,Safety Technician III,yellow,6/16/2018,10/14/2022,41939
25,fgrouvelo,bwhightmano@chronoengine.com,89,China,Speech Pathologist,blue,7/12/2020,6/22/2020,6976
26,mvermap,cmcwhirterp@umn.edu,62,Tunisia,Pharmacist,blue,7/5/2013,6/15/2021,45910
27,gfirsbyq,kjerschkeq@pcworld.com,88,China,Help Desk Technician,purple,2/7/2011,12/28/2022,60588
28,rmcnalleyr,amartenr@sakura.ne.jp,92,Canada,VP Sales,red,5/13/2011,2/17/2020,19559
29,tewebanks,aparmers@squarespace.com,67,Indonesia,Web Developer I,yellow,8/22/2022,2/14/2021,5454
30,hgriffittt,dsealeaft@bloglovin.com,25,United States,Environmental Tech,green,3/12/2020,1/28/2020,97236
31,kfrusheru,dfydoeu@elegantthemes.com,78,China,Accountant III,yellow,10/5/2010,2/11/2020,93629
32,mkixv,rwenzelv@nba.com,98,Portugal,Media Manager II,blue,4/3/2021,2/9/2020,64664
33,dsolomonidesw,craymentw@jimdo.com,90,China,Editor,purple,2/26/2010,11/22/2022,42548
34,lchewx,cfollisx@cam.ac.uk,87,Lithuania,Food Chemist,purple,12/16/2022,7/3/2021,97882
35,akahlery,ktolworthiey@tmall.com,71,Brazil,Accounting Assistant I,red,2/25/2010,6/28/2020,92577
36,shendrichz,jollandz@twitter.com,68,China,Tax Accountant,blue,10/8/2017,12/28/2021,89006
37,scrumb10,iflott10@nih.gov,18,Indonesia,Compensation Analyst,green,9/5/2014,1/22/2020,42865
38,abrimicombe11,bmeletti11@noaa.gov,82,Russia,Analog Circuit Design manager,red,7/16/2017,10/9/2021,83521
39,emcalpine12,tcotes12@prweb.com,80,Czech Republic,VP Quality Control,red,8/5/2013,7/28/2022,14481
40,jlebrun13,mladbrooke13@facebook.com,23,Poland,Senior Developer,red,2/11/2017,6/29/2021,98702
41,ginsall14,hlechmere14@macromedia.com,91,Indonesia,Desktop Support Technician,green,7/7/2018,6/16/2022,21158
42,vpasterfield15,gbussy15@reverbnation.com,73,Indonesia,Chief Design Engineer,blue,11/25/2020,9/29/2020,45894
43,pmewburn16,hdobby16@redcross.org,77,China,Registered Nurse,blue,11/21/2018,9/3/2020,36323
44,cshieber17,mdennistoun17@wordpress.com,78,Argentina,Web Developer I,yellow,1/5/2020,11/23/2020,61214
45,jlibrey18,whazzard18@walmart.com,49,Sweden,Safety Technician IV,blue,1/25/2014,12/12/2022,45490
46,gadderson19,gwiffield19@nasa.gov,49,Philippines,Administrative Officer,green,6/1/2011,5/17/2020,78979
47,ssutherns1a,jsoars1a@springer.com,72,Iran,Statistician II,blue,3/4/2018,1/18/2020,12157
48,rlearmouth1b,pdoran1b@photobucket.com,85,Brazil,Sales Representative,blue,10/9/2014,4/15/2020,12768
49,bcheeney1c,pmurrum1c@php.net,28,Norway,Mechanical Systems Engineer,green,5/9/2016,11/23/2020,28611
50,cdahle1d,cmingard1d@gov.uk,24,China,Accounting Assistant III,red,11/26/2011,6/29/2020,52881
51,bsheber1e,rgreir1e@miitbeian.gov.cn,22,Portugal,Legal Assistant,blue,1/4/2020,2/28/2022,82748
52,dhucquart1f,saslin1f@jimdo.com,45,Argentina,Director of Sales,purple,7/25/2014,3/17/2022,33108
53,smullis1g,btrosdall1g@intel.com,51,Saudi Arabia,Editor,green,1/15/2013,5/12/2020,67929
54,jdominicacci1h,kdolohunty1h@reuters.com,83,Nigeria,Statistician IV,green,1/10/2021,7/18/2021,72907
55,dkerrod1i,mpurdy1i@cmu.edu,36,Indonesia,Accounting Assistant III,yellow,12/3/2010,6/6/2021,29270
56,rgirardin1j,dmalthus1j@behance.net,68,Botswana,Occupational Therapist,red,11/18/2012,7/4/2020,40650
57,hfinci1k,wbrideoke1k@princeton.edu,45,Burkina Faso,Registered Nurse,blue,6/5/2012,8/10/2021,89312
58,lince1l,tblomfield1l@oracle.com,23,Czech Republic,Software Engineer IV,blue,1/3/2011,5/14/2021,93241
59,lbrikner1m,ysparrow1m@about.me,52,China,Web Designer II,green,12/14/2014,7/23/2020,23876
60,jpearcehouse1n,pcroal1n@arstechnica.com,46,Philippines,Professor,green,5/10/2015,11/4/2022,51875
61,csaye1o,avondrys1o@123-reg.co.uk,49,Croatia,Web Designer I,blue,4/20/2022,2/12/2022,91979
62,ckettridge1p,jkopta1p@parallels.com,43,Indonesia,Engineer IV,blue,4/30/2015,4/4/2021,90622
63,eyablsley1q,sbougen1q@marketwatch.com,84,Argentina,Technical Writer,green,3/26/2014,7/11/2021,93242
64,marlidge1r,ggrimshaw1r@cbslocal.com,65,United States,Health Coach III,blue,6/5/2013,3/15/2021,20178
65,cebbrell1s,moronan1s@ox.ac.uk,88,France,Budget/Accounting Analyst I,purple,1/10/2010,7/28/2022,11630
66,enellis1t,dmccoole1t@tuttocitta.it,36,Indonesia,Automation Specialist I,purple,4/14/2010,5/2/2022,53524
67,bgeerdts1u,awhewell1u@gizmodo.com,69,Jordan,Senior Quality Engineer,red,5/2/2012,12/19/2022,34970
68,ilordon1v,fbrinsden1v@tinyurl.com,63,China,Engineer IV,red,11/5/2010,7/13/2022,71273
69,tdanis1w,zpiddle1w@wikia.com,60,Armenia,Structural Analysis Engineer,blue,11/2/2011,3/24/2020,27122
70,lkunes1x,sthwaite1x@purevolume.com,25,Russia,Automation Specialist II,blue,10/5/2014,3/19/2022,88719
71,jrainsdon1y,kdenzilow1y@ow.ly,82,Philippines,Director of Sales,red,11/1/2014,1/12/2021,6769
72,gcoiley1z,mgravett1z@ted.com,79,Poland,Mechanical Systems Engineer,blue,2/10/2013,6/28/2022,2259
73,pkilshall20,estelfax20@twitpic.com,74,Philippines,Financial Advisor,purple,2/17/2016,9/1/2022,28494
74,gworrall21,mdimic21@indiatimes.com,49,Macedonia,Design Engineer,blue,10/22/2011,7/21/2022,50386
75,mchooter22,fculpin22@sina.com.cn,99,Portugal,Senior Quality Engineer,purple,12/3/2020,12/15/2021,46465
76,wzohrer23,mclemmow23@yandex.ru,26,Indonesia,Registered Nurse,red,12/16/2010,11/30/2021,93825
77,bneilson24,swarrior24@istockphoto.com,41,China,Product Engineer,red,6/20/2020,1/22/2020,8948
78,cvial25,boram25@ehow.com,25,China,Software Test Engineer II,blue,3/26/2022,9/8/2020,9980
79,gbrisse26,gcommucci26@sogou.com,58,China,GIS Technical Architect,blue,7/4/2017,7/20/2022,54380
80,afenlon27,carbor27@smugmug.com,75,Portugal,Health Coach III,green,11/11/2019,3/5/2022,3329
81,kkippen28,schadburn28@twitter.com,59,Japan,Structural Engineer,red,12/23/2014,9/11/2020,92642
82,ffrostdicke29,cmuttock29@wisc.edu,41,China,Staff Scientist,purple,9/21/2014,4/20/2020,53073
83,pmcenery2a,apaniman2a@drupal.org,49,Sri Lanka,Design Engineer,yellow,1/27/2016,7/21/2020,244
84,ewandrey2b,clebond2b@ovh.net,43,Venezuela,Design Engineer,yellow,9/13/2016,8/28/2020,79034
85,achate2c,akarpman2c@bbb.org,42,Portugal,Biostatistician II,yellow,12/13/2013,10/16/2021,17301
86,edunlap2d,rpatemore2d@ucoz.ru,78,Philippines,Food Chemist,purple,2/20/2016,3/28/2021,8172
87,eleindecker2e,dpierrepoint2e@tumblr.com,28,Lithuania,Research Nurse,blue,6/16/2015,7/17/2022,22333
88,dshave2f,gfirbanks2f@cnbc.com,28,Brazil,Web Developer IV,red,10/26/2010,6/14/2021,36363
89,mrosengart2g,skuschek2g@tumblr.com,97,Kazakhstan,Product Engineer,blue,6/30/2014,8/6/2022,20283
90,bheintsch2h,dpeatheyjohns2h@google.com.au,43,Taiwan,Geologist III,purple,9/8/2018,6/12/2021,8806
91,kstorm2i,tbrameld2i@timesonline.co.uk,69,Indonesia,Account Coordinator,green,3/23/2021,6/30/2020,31858
92,ccornau2j,astartin2j@shareasale.com,59,Albania,Environmental Tech,red,11/9/2012,4/27/2020,39577
93,gorgen2k,mpoulney2k@businessinsider.com,50,Mexico,Librarian,green,12/26/2019,4/12/2021,5509
94,dstienham2l,icalway2l@wsj.com,71,United States,Pharmacist,red,11/7/2015,7/23/2022,834
95,hthickin2m,credhills2m@shop-pro.jp,37,Brazil,Clinical Specialist,green,5/7/2022,11/11/2022,94654
96,sstraun2n,mkasbye2n@cbc.ca,83,Sweden,Statistician IV,green,7/18/2010,7/2/2020,91216
97,sdorkens2o,mstormont2o@ebay.co.uk,52,Sri Lanka,Senior Financial Analyst,blue,4/19/2021,6/29/2020,34887
98,gnewe2p,bhooks2p@webmd.com,68,China,Professor,blue,7/10/2019,7/20/2020,89753
99,kjoysey2q,afinnigan2q@imageshack.us,34,Russia,VP Accounting,green,12/14/2013,5/5/2020,26807
100,eramsden2r,nduffell2r@narod.ru,41,Thailand,Automation Specialist I,blue,8/27/2013,4/16/2020,80377
101,mdennant2s,gchastey2s@mozilla.org,61,Indonesia,Cost Accountant,purple,12/7/2012,7/29/2022,53238
102,gplenty2t,ncrowcum2t@buzzfeed.com,59,China,Recruiting Manager,red,8/12/2012,12/18/2021,26948
103,psharplin2u,dmcneil2u@tripod.com,88,China,Quality Engineer,yellow,6/12/2015,11/5/2020,97491
104,kwatsam2v,camsberger2v@jugem.jp,44,Colombia,Financial Advisor,green,5/2/2015,8/26/2022,30111
105,bbewick2w,olowther2w@apple.com,70,Hungary,Recruiter,blue,1/21/2014,10/9/2021,57132
106,tturbard2x,dburnip2x@seattletimes.com,79,Indonesia,Analog Circuit Design manager,red,2/28/2012,9/27/2021,84658
107,ljanek2y,pvlasov2y@ihg.com,68,Philippines,Editor,purple,11/5/2019,1/31/2020,41281
108,dmuldowney2z,dmaddison2z@deliciousdays.com,42,China,Technical Writer,purple,8/21/2018,5/4/2022,28225
109,mfallen30,gbullan30@parallels.com,27,China,Registered Nurse,blue,4/6/2020,7/25/2020,45255
110,jwhisker31,mimlacke31@live.com,47,Brazil,Structural Engineer,purple,5/3/2020,10/23/2022,70553
111,harmstead32,mbaumler32@craigslist.org,93,Norway,Senior Editor,red,6/24/2012,3/16/2020,84730
112,slonghirst33,cmcgee33@loc.gov,23,Ukraine,Account Representative IV,green,12/2/2022,11/13/2021,74518
113,ctustin34,bgravett34@jugem.jp,66,Croatia,Web Developer IV,blue,6/24/2022,9/1/2020,37153
114,qjurczak35,bseavers35@nasa.gov,38,China,Biostatistician I,green,7/26/2012,9/4/2021,48215
115,wniblett36,gbossingham36@flavors.me,87,Sweden,Registered Nurse,green,6/21/2022,2/25/2021,46200
116,sbonavia37,mmacgettigen37@twitter.com,70,Cyprus,Nuclear Power Engineer,blue,4/14/2018,6/24/2021,88466
117,hhars38,rboughen38@cnet.com,74,China,Office Assistant I,yellow,10/21/2016,11/25/2021,573
118,dmilbank39,bmcevilly39@taobao.com,27,Iceland,Recruiter,yellow,3/16/2014,8/27/2020,66526
119,hhearley3a,fgarmans3a@github.io,31,Indonesia,Environmental Specialist,red,8/2/2020,12/9/2021,38471
120,jmacginney3b,rmccombe3b@answers.com,71,Belarus,Quality Control Specialist,yellow,5/13/2017,2/10/2021,38741
121,qimison3c,tshere3c@amazon.de,53,Brazil,Physical Therapy Assistant,yellow,4/20/2016,7/12/2020,15690
122,tbricksey3d,bmachan3d@skype.com,23,Bulgaria,Web Developer III,red,5/9/2020,7/31/2020,82736
123,cpottiphar3e,iaupol3e@webnode.com,94,Israel,Recruiter,green,6/23/2019,8/27/2020,31315
124,bvasser3f,mstrathern3f@cpanel.net,67,Russia,Assistant Manager,red,9/14/2011,4/18/2021,76227
125,vbattrum3g,oshovel3g@geocities.com,66,Peru,Nuclear Power Engineer,yellow,7/6/2021,2/7/2022,62216
126,gcrush3h,carkil3h@diigo.com,72,Philippines,Project Manager,blue,1/24/2017,8/26/2021,81214
127,slalonde3i,dcleminshaw3i@vistaprint.com,52,Brazil,Software Engineer II,blue,5/27/2022,4/2/2021,92340
128,smcgilbon3j,lmarages3j@cyberchimps.com,83,Belarus,VP Quality Control,purple,1/3/2010,6/8/2021,35785
129,tbusch3k,mcatterall3k@infoseek.co.jp,75,Indonesia,Registered Nurse,yellow,11/29/2013,10/4/2022,73026
130,ktrounson3l,oderle3l@spiegel.de,50,China,Recruiting Manager,purple,5/23/2022,2/28/2020,19855
131,rhenfre3m,naldwinckle3m@forbes.com,26,Indonesia,Human Resources Manager,purple,2/25/2016,1/4/2021,65988
132,cmadgewick3n,bors3n@wiley.com,46,Poland,Accountant II,blue,9/16/2018,2/24/2021,41880
133,adelacour3o,pcowing3o@biglobe.ne.jp,91,China,Software Test Engineer IV,green,3/2/2019,3/18/2020,30950
134,cdegenhardt3p,vchecchi3p@goo.ne.jp,77,Greece,Tax Accountant,purple,9/12/2019,6/25/2022,92898
135,dlantuff3q,krauprich3q@psu.edu,46,New Caledonia,Senior Quality Engineer,purple,11/6/2022,2/7/2022,25592
136,cbellwood3r,gmustarde3r@patch.com,38,Poland,Food Chemist,blue,4/16/2020,7/27/2022,50120
137,btristram3s,acudde3s@edublogs.org,83,Indonesia,Financial Advisor,yellow,8/3/2018,10/16/2022,48401
138,mgilfether3t,jfeeney3t@imdb.com,72,Morocco,Electrical Engineer,purple,9/25/2011,5/20/2021,12225
139,gplatt3u,afredson3u@baidu.com,92,Norway,Systems Administrator IV,yellow,9/28/2015,9/3/2022,12155
140,smcgahern3v,mswatheridge3v@vk.com,61,Colombia,Product Engineer,yellow,1/24/2014,11/26/2021,19730
141,jmapp3w,cpargiter3w@last.fm,20,Sri Lanka,Physical Therapy Assistant,purple,7/5/2012,9/6/2020,1686
142,bdeboick3x,ndulany3x@businesswire.com,78,Sweden,Executive Secretary,blue,5/5/2018,9/28/2021,48317
143,movery3y,wswine3y@stanford.edu,91,Sweden,VP Quality Control,green,6/16/2015,1/7/2022,61212
144,dflowers3z,aevery3z@addtoany.com,46,Greece,Quality Control Specialist,purple,3/3/2010,12/28/2022,16869
145,sgiacopini40,alavies40@kickstarter.com,39,United States,Paralegal,green,10/9/2018,3/5/2020,78236
146,itighe41,ccolegrove41@biglobe.ne.jp,61,Palestinian Territory,Assistant Professor,red,6/13/2018,1/7/2021,24046
147,emacaskill42,ramott42@latimes.com,47,China,Design Engineer,green,7/15/2017,12/16/2022,53303
148,rkermeen43,vbaudry43@skype.com,64,China,Operator,blue,5/29/2020,8/27/2021,32547
149,gcranmor44,mrodliff44@seattletimes.com,41,Germany,Accountant IV,blue,5/9/2018,11/21/2020,19872
150,cdonovan45,dimlaw45@skype.com,69,Poland,Research Nurse,green,5/24/2012,1/18/2022,75632
151,hmacintyre46,gcourse46@jimdo.com,74,Indonesia,Systems Administrator IV,red,10/9/2010,11/8/2020,10255
152,hswait47,ccouronne47@tamu.edu,18,Brazil,Information Systems Manager,green,6/20/2019,2/8/2022,38732
153,oyerborn48,kaustick48@bandcamp.com,75,China,Food Chemist,green,7/23/2018,5/10/2022,8224
154,eheak49,dmanass49@go.com,42,Indonesia,Web Developer IV,red,2/22/2010,5/17/2020,61214
155,mkelsey4a,bdorrins4a@rediff.com,83,Swaziland,Financial Advisor,purple,1/19/2013,7/17/2021,55178
156,ccraigmile4b,egurry4b@vkontakte.ru,43,Indonesia,Compensation Analyst,green,12/25/2013,4/18/2021,44753
157,odiament4c,dtorrese4c@mlb.com,96,South Africa,Design Engineer,green,7/2/2012,3/9/2020,67441
158,ledgeson4d,wbraithwaite4d@nhs.uk,88,Syria,Clinical Specialist,yellow,6/30/2016,8/13/2022,76077
159,tmenpes4e,bgopsall4e@ycombinator.com,68,China,Marketing Assistant,blue,1/5/2017,12/27/2020,57506
160,cjime4f,ayarrall4f@home.pl,64,Peru,Social Worker,purple,8/10/2017,8/3/2022,24408
161,apullman4g,apaty4g@slashdot.org,92,Barbados,Clinical Specialist,red,5/5/2022,8/19/2022,4096
162,kbunner4h,ksurmanwells4h@earthlink.net,53,Portugal,Recruiter,yellow,1/23/2019,3/9/2021,18978
163,bwingeat4i,dkettell4i@cloudflare.com,42,Uganda,Database Administrator I,red,2/26/2012,1/1/2020,43482
164,wbayns4j,charmond4j@sourceforge.net,41,Philippines,Web Developer IV,purple,7/5/2020,7/15/2020,45324
165,pdibble4k,msimoes4k@feedburner.com,98,Belarus,Assistant Media Planner,green,2/23/2021,12/22/2021,44700
166,bterzi4l,bgabbotts4l@harvard.edu,68,Nigeria,Geological Engineer,purple,7/14/2021,5/19/2020,67344
167,kbowdon4m,gclimpson4m@cafepress.com,28,Indonesia,Legal Assistant,red,9/22/2014,5/8/2022,26435
168,asturzaker4n,nkira4n@tuttocitta.it,66,Democratic Republic of the Congo,Marketing Assistant,purple,5/20/2019,8/1/2020,21963
169,kdelooze4o,sbaggally4o@zimbio.com,37,China,Occupational Therapist,blue,1/30/2022,12/13/2020,14044
170,vscandrett4p,aoen4p@mtv.com,22,Philippines,Web Developer IV,blue,2/24/2022,7/18/2021,55520
171,rmeriel4q,mtrahar4q@wisc.edu,61,Peru,Community Outreach Specialist,yellow,10/7/2013,4/5/2020,39612
172,pswalough4r,gdanaher4r@weibo.com,81,Indonesia,Actuary,red,4/17/2020,7/29/2020,45811
173,iexell4s,dwherry4s@comcast.net,34,Vietnam,Environmental Specialist,purple,12/3/2013,5/17/2022,50549
174,tfrancesch4t,kgrestye4t@bloglines.com,95,China,Safety Technician III,purple,3/23/2021,2/12/2022,14721
175,lferminger4u,sdenecamp4u@jalbum.net,48,Indonesia,Desktop Support Technician,green,1/29/2015,4/22/2020,25845
176,ofinlason4v,cbuie4v@ehow.com,48,Uruguay,Help Desk Operator,yellow,8/16/2010,2/18/2021,78825
177,sbarney4w,lgouny4w@irs.gov,98,Russia,Research Nurse,purple,8/2/2014,9/20/2021,23439
178,bportlock4x,dsiverns4x@shop-pro.jp,80,Indonesia,Tax Accountant,yellow,11/1/2017,6/14/2022,54271
179,twortt4y,sleefe4y@symantec.com,48,Indonesia,Operator,purple,6/15/2012,4/7/2020,53818
180,rlulham4z,neslinger4z@stumbleupon.com,66,Philippines,Financial Analyst,purple,12/3/2015,1/27/2021,73266
181,nhumes50,egannicleff50@cocolog-nifty.com,74,Indonesia,Food Chemist,green,8/24/2011,4/7/2021,37034
182,dbricket51,kfarnes51@networkadvertising.org,44,Portugal,Social Worker,red,9/8/2011,2/2/2021,34044
183,rdorin52,ainold52@tripadvisor.com,85,Togo,Web Developer IV,yellow,6/2/2014,5/7/2021,35809
184,tbritee53,egranleese53@issuu.com,34,China,Senior Developer,blue,1/14/2021,12/19/2022,81019
185,mcoope54,torringe54@psu.edu,19,Indonesia,Safety Technician I,blue,8/13/2013,4/29/2021,99147
186,ccrathern55,eedmunds55@webs.com,84,United States,Help Desk Technician,blue,4/26/2015,7/1/2021,49004
187,cjuza56,mbarnsley56@last.fm,42,Brazil,Technical Writer,yellow,3/1/2014,6/7/2021,33649
188,yjouhan57,nclaughton57@ocn.ne.jp,43,Indonesia,Librarian,purple,9/10/2013,9/12/2021,60301
189,ftremblett58,aclandillon58@pagesperso-orange.fr,26,South Korea,Quality Control Specialist,yellow,6/17/2013,8/6/2021,78442
190,mscougall59,ahannigan59@europa.eu,73,Croatia,Sales Associate,green,9/12/2014,4/7/2021,67236
191,wguys5a,cfaircliff5a@vinaora.com,45,Russia,Desktop Support Technician,yellow,6/27/2016,3/24/2020,25001
192,mcrang5b,aerington5b@deviantart.com,42,Brazil,Nurse,purple,7/15/2018,9/6/2020,7155
193,rhiscoke5c,ngregon5c@51.la,27,Mexico,Nurse Practicioner,red,6/6/2021,12/3/2021,68423
194,dkempston5d,acoggill5d@ftc.gov,95,United States,Geological Engineer,green,9/7/2015,12/4/2022,83323
195,mmacmeeking5e,dwithull5e@discovery.com,84,Ghana,Computer Systems Analyst I,red,6/13/2014,2/12/2021,96812
196,ckitching5f,ddufoure5f@china.com.cn,28,China,Payment Adjustment Coordinator,green,4/24/2017,7/26/2021,93201
197,jmillberg5g,rodoohaine5g@bbc.co.uk,38,Brazil,Analyst Programmer,green,10/1/2021,3/14/2021,65384
198,gpashen5h,nfearnley5h@bluehost.com,50,Jamaica,Operator,purple,5/29/2015,6/9/2020,8988
199,kvanross5i,fkwiek5i@deliciousdays.com,100,South Africa,Marketing Manager,red,12/16/2018,4/20/2022,83070
200,fbedingfield5j,gstollmeier5j@zimbio.com,22,China,Librarian,blue,3/4/2017,4/1/2020,56418
201,zshapera5k,mmullinger5k@loc.gov,77,Greece,Database Administrator III,purple,5/1/2020,9/24/2020,53166
202,dhemphrey5l,ccayle5l@ebay.co.uk,99,China,Engineer II,green,4/6/2020,12/7/2021,78762
203,klamonby5m,gdruhan5m@newyorker.com,27,Mali,VP Product Management,yellow,9/17/2014,10/17/2020,2832
204,dsign5n,cgowrie5n@opera.com,76,Kazakhstan,Senior Editor,yellow,11/10/2010,12/26/2020,94082
205,grouge5o,bgainsboro5o@bandcamp.com,31,Poland,Director of Sales,purple,3/29/2017,7/20/2022,16709
206,fjorcke5p,hhabishaw5p@altervista.org,56,Ukraine,Desktop Support Technician,purple,10/3/2015,1/22/2022,53460
207,ldrake5q,sattewell5q@java.com,73,China,Staff Accountant IV,purple,12/2/2019,1/8/2020,44959
208,fancell5r,dkid5r@biblegateway.com,85,Qatar,Senior Financial Analyst,purple,3/1/2015,1/12/2022,36035
209,aposten5s,bskarman5s@nymag.com,94,Ukraine,Human Resources Assistant III,yellow,1/19/2016,11/27/2020,59908
210,cpenke5t,twoolager5t@zimbio.com,28,Indonesia,Account Representative III,red,5/22/2013,6/10/2021,76565
211,sglennard5u,gmeeks5u@patch.com,91,Afghanistan,Budget/Accounting Analyst III,yellow,3/7/2022,9/25/2021,48892
212,bmacdonnell5v,pfraschini5v@cyberchimps.com,94,Russia,Biostatistician III,yellow,10/8/2012,8/1/2021,33672
213,mswindley5w,wellor5w@sina.com.cn,75,China,Senior Cost Accountant,red,11/3/2017,5/18/2021,87765
214,munthank5x,ctowsie5x@furl.net,69,Russia,VP Marketing,red,7/8/2018,11/4/2020,68678
215,lherley5y,helliman5y@skyrock.com,25,Indonesia,Senior Quality Engineer,yellow,12/22/2018,12/20/2020,60775
216,ioxherd5z,cdyson5z@chicagotribune.com,72,Sweden,Structural Analysis Engineer,purple,8/6/2021,4/26/2021,24320
217,sgai60,wgrundle60@etsy.com,82,Colombia,Sales Representative,purple,7/2/2014,11/6/2021,38026
218,doliveras61,tlinbohm61@fotki.com,18,United Kingdom,Geologist II,blue,11/10/2022,10/17/2021,42598
219,csybry62,cwillan62@histats.com,32,China,Account Coordinator,blue,11/29/2017,12/17/2021,14526
220,sbockmann63,lstangel63@hexun.com,84,Portugal,Geologist IV,blue,12/19/2012,11/7/2020,75087
221,aroberts64,mtemple64@icq.com,84,Russia,Engineer IV,red,8/26/2014,2/11/2022,78559
222,smcpolin65,rdunmuir65@wisc.edu,28,Cambodia,Human Resources Assistant II,blue,7/20/2010,10/7/2022,31098
223,senrigo66,dtabbitt66@1688.com,42,China,Compensation Analyst,blue,5/11/2013,5/22/2021,95925
224,rhaworth67,relloit67@unicef.org,40,Sweden,Research Assistant II,purple,9/19/2021,12/26/2021,25129
225,tbright68,abriereton68@soup.io,22,Philippines,Engineer II,red,12/18/2020,10/30/2022,11568
226,abeall69,atryme69@pen.io,28,Indonesia,Administrative Assistant IV,blue,4/26/2014,2/26/2021,31467
227,bzamorrano6a,emartini6a@multiply.com,65,Tajikistan,Actuary,red,9/16/2012,7/23/2020,21105
228,rbudibent6b,aturton6b@diigo.com,62,Russia,Payment Adjustment Coordinator,purple,7/5/2017,9/27/2021,52725
229,srobbeke6c,ehayfield6c@gravatar.com,94,Philippines,Tax Accountant,purple,11/4/2011,3/4/2020,73363
230,mhassekl6d,asatyford6d@comcast.net,59,Germany,Environmental Specialist,blue,7/21/2011,6/5/2022,99272
231,echimes6e,fgreasley6e@mtv.com,51,Ukraine,Clinical Specialist,red,1/28/2012,5/30/2021,40948
232,dtopley6f,kskase6f@goo.ne.jp,30,China,Quality Engineer,yellow,7/6/2011,6/21/2022,44519
233,aslocket6g,cwretham6g@google.com.hk,97,Mexico,Research Associate,red,1/24/2019,12/11/2021,401
234,sleahair6h,diuorio6h@mapquest.com,48,Spain,Senior Developer,purple,6/24/2015,7/29/2022,22991
235,cblenkharn6i,eallitt6i@over-blog.com,40,Mexico,Sales Associate,red,10/22/2017,10/5/2021,24427
236,lgolborn6j,bmagill6j@blogger.com,30,Venezuela,Teacher,blue,1/11/2018,2/22/2022,11866
237,bchittock6k,parmin6k@meetup.com,87,Venezuela,Internal Auditor,green,11/7/2010,9/10/2021,12563
238,hchelsom6l,margontt6l@vistaprint.com,100,Kenya,Structural Engineer,green,12/18/2018,7/1/2021,98951
239,abriatt6m,rlanney6m@hao123.com,31,Russia,Recruiter,blue,2/6/2021,5/9/2021,21559
240,styzack6n,cdulton6n@wikispaces.com,63,Russia,Software Test Engineer I,red,1/13/2011,6/16/2022,34159
241,lcomben6o,sferney6o@tmall.com,94,China,Systems Administrator III,blue,11/2/2022,12/28/2020,6252
242,vpharoah6p,emulheron6p@tuttocitta.it,74,Czech Republic,Senior Quality Engineer,purple,4/13/2022,12/2/2020,35550
243,yantognozzii6q,ahickisson6q@ox.ac.uk,48,China,Account Coordinator,red,11/22/2022,1/28/2021,55500
244,strebble6r,amccamish6r@kickstarter.com,79,Indonesia,Programmer I,red,2/16/2022,9/20/2021,96830
245,bfausset6s,omedland6s@dmoz.org,23,China,Web Developer IV,yellow,1/29/2019,4/30/2022,26717
246,sspurdens6t,eenion6t@cbc.ca,60,Democratic Republic of the Congo,Senior Editor,green,9/25/2017,11/21/2020,14581
247,hsennett6u,bwoan6u@liveinternet.ru,92,Japan,Junior Executive,purple,2/19/2022,5/25/2022,35225
248,adoneld6v,mgruczka6v@bloglovin.com,23,Peru,Environmental Specialist,blue,1/30/2010,5/14/2022,83950
249,mwilkennson6w,apepon6w@cargocollective.com,81,South Africa,Recruiting Manager,red,8/18/2016,11/18/2022,40992
250,bwagg6x,ahouston6x@google.ru,38,Poland,Recruiter,yellow,10/26/2017,6/14/2020,6483
251,bradeliffe6y,squainton6y@delicious.com,22,Indonesia,Research Associate,purple,8/2/2018,7/16/2020,9773
252,lmahaffey6z,abrogini6z@independent.co.uk,19,Sweden,Marketing Assistant,red,12/16/2020,1/18/2020,76830
253,shallgough70,gadame70@washingtonpost.com,55,Portugal,Web Designer II,red,9/2/2017,9/28/2022,45359
254,rgherardi71,ckirwin71@furl.net,51,France,Senior Sales Associate,purple,1/2/2022,12/2/2021,46447
255,emulloch72,rlouys72@eventbrite.com,88,Zambia,Compensation Analyst,blue,3/21/2020,8/3/2020,74082
256,kfargie73,mpidgen73@google.ca,57,Mongolia,Financial Analyst,purple,12/17/2014,3/6/2022,36689
257,tstentiford74,hrubinshtein74@tinypic.com,56,Ukraine,Payment Adjustment Coordinator,yellow,3/2/2014,2/11/2020,32373
258,ewarriner75,sgreystoke75@ocn.ne.jp,68,Sweden,Actuary,yellow,5/13/2017,5/22/2021,37864
259,jjanatka76,ebelward76@marketwatch.com,84,Portugal,Account Executive,yellow,1/5/2014,10/26/2020,88744
260,rbeckhouse77,fbetchley77@freewebs.com,29,Philippines,Information Systems Manager,blue,8/1/2020,5/7/2020,51364
261,bwooffinden78,fdukesbury78@liveinternet.ru,71,Pakistan,Paralegal,red,7/15/2017,9/1/2021,70301
262,sbampfield79,rrex79@imgur.com,82,China,Quality Engineer,red,4/22/2015,10/22/2022,57486
263,esweeney7a,jtramel7a@nationalgeographic.com,75,China,Social Worker,green,12/24/2016,2/8/2020,51783
264,mraffin7b,mvignal7b@1und1.de,52,Poland,Financial Advisor,blue,4/19/2012,7/20/2022,98457
265,fveivers7c,jlesor7c@netscape.com,33,Syria,Business Systems Development Analyst,purple,3/5/2011,4/15/2022,61116
266,flaffoleylane7d,asemonin7d@gmpg.org,31,Sri Lanka,Budget/Accounting Analyst IV,purple,3/20/2019,2/22/2021,56575
267,dkuhnert7e,strustram7e@about.me,68,Czech Republic,Speech Pathologist,green,5/14/2017,1/26/2020,18158
268,jaronovich7f,mmateja7f@census.gov,37,Portugal,Help Desk Operator,purple,9/15/2010,12/29/2021,95365
269,gzimmermanns7g,rhorry7g@amazonaws.com,38,China,Web Developer I,green,1/28/2013,8/21/2020,26175
270,agoodall7h,hdelnevo7h@bizjournals.com,94,Brazil,Food Chemist,purple,3/28/2016,11/22/2021,55164
271,gfeaveryear7i,wduley7i@mtv.com,96,Brazil,Administrative Officer,yellow,1/29/2021,10/21/2020,9086
272,planaway7j,jnewvell7j@multiply.com,21,China,Operator,blue,7/2/2018,1/14/2022,61015
273,truger7k,lchildes7k@toplist.cz,60,Sweden,VP Accounting,purple,1/27/2010,7/3/2021,7712
274,mbriton7l,thalmkin7l@mac.com,23,Brazil,Legal Assistant,blue,4/25/2019,3/31/2022,12794
275,mrobben7m,rthamelt7m@google.com.au,23,Greece,Information Systems Manager,red,4/15/2017,10/12/2020,37664
276,emaso7n,cbenardette7n@i2i.jp,60,Egypt,Staff Scientist,yellow,1/1/2019,3/2/2022,42165
277,ldelgardo7o,mglamart7o@free.fr,91,China,Nuclear Power Engineer,green,6/29/2011,2/22/2022,10833
278,kmacknish7p,ctampion7p@dell.com,100,Nepal,Health Coach II,red,10/3/2019,12/6/2022,93827
279,ntallowin7q,gbode7q@apple.com,93,Serbia,Help Desk Technician,yellow,11/5/2016,3/22/2022,12915
280,fwinfield7r,mearly7r@fotki.com,22,Colombia,Senior Editor,green,11/24/2010,9/26/2020,17451
281,mreinhardt7s,blinham7s@over-blog.com,96,Poland,Compensation Analyst,yellow,1/14/2018,1/8/2021,85295
282,sstrelitzki7t,mhaszard7t@nytimes.com,78,China,Chief Design Engineer,yellow,9/30/2013,6/3/2021,45377
283,rpeeter7u,lfassmann7u@discovery.com,44,Indonesia,Software Engineer IV,green,3/21/2010,12/29/2021,2330
284,rmoggle7v,raizikowitz7v@wordpress.org,92,Netherlands,Assistant Manager,yellow,9/2/2017,10/14/2022,23852
285,ndaverin7w,tocarrol7w@yandex.ru,19,Ukraine,Occupational Therapist,purple,2/20/2014,3/18/2021,14828
286,kbridgnell7x,ehenrych7x@jugem.jp,23,Philippines,Tax Accountant,green,4/28/2018,11/12/2020,52748
287,klanghorn7y,tvenables7y@bbb.org,85,Azerbaijan,Nurse,blue,3/9/2010,10/5/2021,49901
288,poldfield7z,awoodes7z@purevolume.com,80,Indonesia,Senior Cost Accountant,red,11/19/2011,5/28/2020,32319
289,randreichik80,lkubala80@usda.gov,36,Philippines,GIS Technical Architect,blue,4/20/2019,11/24/2020,5739
290,awitherow81,lphilipard81@networkadvertising.org,31,Egypt,Design Engineer,blue,4/7/2013,6/28/2020,38911
291,hdict82,oklagge82@taobao.com,53,Indonesia,Research Assistant IV,purple,7/25/2015,1/2/2021,94662
292,blindenblatt83,atribell83@si.edu,94,Nicaragua,Financial Analyst,blue,6/28/2014,8/9/2021,84251
293,scubbin84,camys84@illinois.edu,19,France,Accounting Assistant II,yellow,10/28/2014,3/30/2021,47637
294,apieterick85,shortop85@sphinn.com,37,Cuba,Social Worker,purple,4/28/2010,8/8/2022,80243
295,ggiraudy86,smacalpyne86@pen.io,35,Brazil,Social Worker,purple,4/8/2022,1/14/2020,32254
296,mchesterton87,kanyene87@wired.com,38,France,Quality Control Specialist,red,5/24/2016,7/1/2021,10054
297,fdodimead88,tdwyr88@cbsnews.com,50,French Polynesia,Human Resources Manager,red,8/26/2019,2/10/2021,29570
298,pbomb89,ahandke89@unc.edu,88,Portugal,Operator,red,7/12/2013,6/30/2021,8720
299,bmartignon8a,hdavson8a@squarespace.com,38,Greece,Systems Administrator IV,blue,12/15/2021,3/26/2020,67095
300,stidmarsh8b,ktremeer8b@ox.ac.uk,30,Canada,Data Coordinator,blue,3/30/2012,7/8/2020,60864
301,pmurphey8c,danderl8c@npr.org,61,China,Actuary,green,7/7/2016,9/23/2020,85138
302,hcianelli8d,fgiercke8d@unicef.org,85,Brazil,Geological Engineer,blue,3/7/2018,12/18/2022,18208
303,jlansdowne8e,edober8e@hc360.com,18,China,Geologist III,green,6/16/2012,12/25/2022,54736
304,dcolgrave8f,bsanney8f@apple.com,66,France,Sales Associate,purple,4/24/2020,12/1/2020,40708
305,hbrizland8g,lrosetti8g@newsvine.com,19,Nigeria,Physical Therapy Assistant,purple,12/1/2015,11/27/2021,41664
306,amelly8h,dmichell8h@nba.com,42,Lithuania,Developer III,red,4/13/2015,5/24/2020,57533
307,tneumann8i,sstrange8i@scribd.com,77,Poland,Community Outreach Specialist,blue,11/30/2012,5/21/2021,31144
308,hmurdie8j,icharlesworth8j@pinterest.com,20,Yemen,Web Developer III,purple,4/2/2020,3/28/2021,82662
309,aogg8k,vmccleverty8k@geocities.jp,51,Tanzania,Chief Design Engineer,yellow,3/21/2022,7/3/2020,44866
310,kdarey8l,slinch8l@accuweather.com,86,Czech Republic,Budget/Accounting Analyst IV,purple,6/21/2010,7/14/2020,85019
311,ndrepp8m,msyer8m@weebly.com,53,Kazakhstan,Geological Engineer,blue,4/27/2012,7/6/2022,29469
312,amurphey8n,imacclancey8n@usa.gov,40,Portugal,Senior Financial Analyst,purple,8/10/2011,10/25/2022,20373
313,amarshland8o,gcaughey8o@w3.org,23,Brazil,Systems Administrator IV,yellow,3/27/2011,1/2/2022,89132
314,agimblet8p,bwinterton8p@ibm.com,66,Germany,Staff Accountant IV,red,1/14/2014,8/4/2021,63679
315,kfoad8q,mgolder8q@mediafire.com,64,Philippines,Safety Technician I,purple,5/10/2010,8/13/2021,84738
316,fbolingbroke8r,dfrancomb8r@goo.ne.jp,31,China,Account Coordinator,green,4/19/2010,6/16/2020,10972
317,cburberry8s,lvedeniktov8s@amazonaws.com,33,Brazil,Teacher,green,3/29/2010,1/3/2021,63021
318,jsemechik8t,atammadge8t@google.es,50,Bolivia,Statistician III,yellow,12/13/2011,12/13/2021,50950
319,cfulk8u,hcassells8u@pagesperso-orange.fr,58,Denmark,Senior Cost Accountant,blue,7/7/2013,10/24/2020,30609
320,cpottes8v,vcodman8v@blogs.com,81,Canada,Database Administrator IV,blue,5/12/2020,7/15/2022,31853
321,fstillwell8w,gbarnewelle8w@hud.gov,27,Venezuela,Design Engineer,red,7/25/2014,4/27/2021,91102
322,bkinnett8x,gollerhad8x@homestead.com,27,Portugal,Legal Assistant,green,8/26/2020,2/17/2022,19694
323,fatley8y,vcridland8y@cnn.com,25,Azerbaijan,Accounting Assistant II,red,4/12/2012,12/1/2022,23830
324,ttrevenu8z,aarnecke8z@yahoo.co.jp,19,China,Environmental Tech,blue,5/3/2016,10/20/2021,83281
325,cbrinkley90,cburgot90@cocolog-nifty.com,85,France,Associate Professor,red,8/9/2015,11/7/2021,82421
326,esimoncelli91,zledgerton91@twitpic.com,75,Argentina,Biostatistician II,red,8/9/2021,5/4/2022,51940
327,falbury92,kcossor92@npr.org,31,China,Marketing Assistant,red,1/15/2021,4/10/2020,56077
328,tmeneo93,kdaintith93@soup.io,47,Angola,Clinical Specialist,blue,12/14/2011,11/7/2020,18172
329,smeasures94,geveque94@usatoday.com,63,China,VP Accounting,blue,6/13/2012,3/15/2021,15007
330,ichopping95,wmollon95@wordpress.com,99,Vietnam,Registered Nurse,purple,4/6/2021,1/31/2020,85565
331,mcottage96,hmassen96@jimdo.com,24,Russia,Quality Control Specialist,blue,9/19/2015,6/14/2021,62731
332,ctreven97,clamdin97@biglobe.ne.jp,97,Spain,Research Assistant III,purple,4/12/2016,12/25/2020,47278
333,bpimblott98,cmattusov98@dmoz.org,87,Lithuania,Nurse Practicioner,blue,11/25/2011,3/2/2021,81922
334,dhatter99,kbohlens99@multiply.com,37,China,Senior Quality Engineer,red,1/4/2011,3/15/2021,24016
335,jtarbath9a,dholcroft9a@bbc.co.uk,78,Argentina,Data Coordinator,purple,6/11/2019,5/1/2020,72314
336,giacovucci9b,rfaveryear9b@spiegel.de,20,Iceland,Programmer Analyst IV,green,7/12/2010,11/19/2022,64560
337,fbrunsen9c,jnorgate9c@gnu.org,77,Portugal,Assistant Manager,red,4/30/2013,9/30/2021,19899
338,bvallentin9d,gbickle9d@blogs.com,62,Greece,General Manager,blue,9/5/2015,1/11/2022,98915
339,fapplebee9e,vbenezet9e@homestead.com,60,Indonesia,Compensation Analyst,purple,12/10/2020,3/20/2022,41386
340,hlisciandro9f,apatey9f@furl.net,40,Sierra Leone,Executive Secretary,yellow,10/2/2013,10/31/2020,64008
341,mellingham9g,idytham9g@biglobe.ne.jp,79,China,Information Systems Manager,red,5/13/2013,4/27/2021,98049
342,twolsey9h,lalders9h@macromedia.com,48,Indonesia,Programmer III,purple,9/4/2012,9/23/2021,55151
343,malldridge9i,mbothie9i@liveinternet.ru,52,Palestinian Territory,Software Test Engineer III,blue,9/5/2018,5/14/2021,78372
344,kmcarthur9j,hconti9j@mtv.com,77,Russia,Financial Analyst,red,12/27/2014,7/19/2020,66054
345,ffifoot9k,zstrauss9k@va.gov,41,Argentina,Operator,red,12/14/2010,10/14/2021,38911
346,wfarlham9l,pcleef9l@google.de,60,China,Professor,purple,11/9/2020,5/29/2020,5962
347,neddowis9m,scoady9m@xrea.com,94,Philippines,VP Accounting,blue,7/21/2010,12/10/2022,96809
348,telcombe9n,khilbourne9n@blogspot.com,73,Russia,VP Product Management,blue,1/6/2018,10/6/2021,1491
349,kbaudains9o,agodlee9o@berkeley.edu,97,China,Research Nurse,yellow,2/3/2018,5/15/2022,24210
350,vbreeds9p,wferraron9p@geocities.jp,24,Russia,Systems Administrator I,red,5/8/2011,2/16/2021,16573
351,trohfsen9q,plantoph9q@booking.com,24,Peru,Human Resources Assistant III,purple,3/4/2011,9/2/2020,36514
352,rbeed9r,cjaslem9r@dailymail.co.uk,87,Indonesia,Marketing Manager,blue,2/8/2020,7/14/2022,35995
353,chenrique9s,rbudibent9s@nifty.com,55,Portugal,Budget/Accounting Analyst II,blue,6/30/2018,10/12/2022,97951
354,agerlack9t,epettican9t@techcrunch.com,51,Russia,Physical Therapy Assistant,blue,6/3/2017,4/17/2020,57415
355,fpotteridge9u,mlatehouse9u@pbs.org,86,Angola,Database Administrator I,blue,7/29/2011,4/8/2022,41586
356,byearby9v,icaville9v@cdbaby.com,34,Bulgaria,Environmental Specialist,purple,10/21/2014,1/11/2022,97604
357,mivanishin9w,vgreger9w@live.com,88,China,Food Chemist,green,11/15/2010,4/13/2020,14540
358,gbeautyman9x,mbillett9x@aboutads.info,59,Sweden,Executive Secretary,purple,4/18/2019,11/20/2022,28967
359,cpernell9y,cdrewet9y@pinterest.com,98,Portugal,Registered Nurse,purple,4/8/2017,12/19/2020,33434
360,lcasebourne9z,epenfold9z@about.com,24,Indonesia,Research Nurse,purple,9/29/2019,11/13/2020,56459
361,csummerlya0,fleigha0@theglobeandmail.com,84,Poland,Marketing Manager,yellow,3/26/2014,3/23/2021,95570
362,cgeroa1,clevingtona1@delicious.com,72,Indonesia,Director of Sales,purple,1/31/2011,6/19/2022,56927
363,spalfreemana2,scastanhoa2@google.com.br,73,Greece,Account Coordinator,yellow,10/16/2014,6/6/2022,34446
364,bairetona3,kdavenella3@pagesperso-orange.fr,84,Kiribati,Chemical Engineer,yellow,5/22/2012,4/20/2022,35599
365,khedwortha4,lcaberaa4@virginia.edu,46,United States,GIS Technical Architect,purple,4/25/2014,7/10/2022,75498
366,vsiudaa5,kskippera5@bigcartel.com,100,Iceland,Engineer III,yellow,12/1/2017,7/14/2021,7424
367,gsetha6,ddrewsa6@eventbrite.com,72,Indonesia,Registered Nurse,blue,11/20/2012,8/29/2021,5038
368,ljowetta7,jcolumbinea7@163.com,89,Dominican Republic,Automation Specialist IV,red,8/27/2011,1/27/2022,90855
369,abernettia8,kyacobsohna8@people.com.cn,43,Burkina Faso,Operator,blue,10/19/2017,10/27/2021,39093
370,dedmonsona9,mmeesona9@globo.com,71,Mongolia,Structural Analysis Engineer,red,3/1/2016,7/11/2020,89856
371,lhuntallaa,rfelthamaa@soup.io,31,France,Account Executive,blue,12/31/2020,8/16/2020,12746
372,dslowlyab,sprenab@fotki.com,81,China,Electrical Engineer,blue,2/25/2014,8/30/2020,43220
373,fsedgemondac,craviliousac@fda.gov,29,Philippines,Civil Engineer,green,11/17/2019,1/26/2022,16130
374,gcharrettad,hdehoochad@toplist.cz,48,Sweden,Social Worker,purple,9/12/2010,2/28/2020,38618
375,lvaggsae,jmcdowellae@sbwire.com,91,Philippines,Administrative Assistant IV,purple,6/13/2021,2/19/2021,44536
376,dmantrippaf,dmablyaf@auda.org.au,56,France,Help Desk Technician,green,11/3/2021,7/18/2021,87716
377,rgarrardag,kwillcockag@uiuc.edu,43,Peru,Food Chemist,green,6/2/2018,5/18/2020,57231
378,ecreesah,rbriskerah@netvibes.com,52,China,Systems Administrator IV,yellow,12/2/2017,1/21/2021,61732
379,ysobieskiai,csitlingtonai@mapy.cz,63,Comoros,Information Systems Manager,purple,4/24/2019,5/3/2021,30746
380,fwylesaj,llarwoodaj@reference.com,34,Croatia,Senior Developer,purple,9/23/2010,7/7/2021,35255
381,mbrimsak,nratkeak@sbwire.com,41,Cyprus,Speech Pathologist,red,5/1/2022,5/11/2022,55135
382,llegginal,cbeesal@gizmodo.com,33,Egypt,Graphic Designer,purple,11/10/2019,12/3/2022,61781
383,llinkam,dbleacheram@telegraph.co.uk,30,Bangladesh,Nuclear Power Engineer,red,10/7/2012,12/24/2022,51832
384,aforstallan,ajakobssonan@bluehost.com,18,Portugal,Quality Engineer,green,4/8/2015,7/14/2020,37807
385,mburnao,gmilamao@tripod.com,54,China,Biostatistician II,purple,12/9/2019,5/10/2022,78436
386,msalamonap,dfarlambap@cdc.gov,27,Mongolia,Chemical Engineer,red,5/11/2011,8/21/2020,20010
387,wschultzaq,gdudgeonaq@webnode.com,23,China,Environmental Specialist,purple,3/8/2016,5/8/2020,30138
388,afrangelloar,afleethamar@who.int,98,Russia,Internal Auditor,purple,7/13/2010,4/1/2021,49625
389,klathyas,ccarpmileas@washington.edu,38,Pakistan,Quality Control Specialist,yellow,6/4/2012,9/10/2021,44741
390,sdowseyat,ncluleyat@dmoz.org,98,Brazil,Speech Pathologist,blue,6/2/2014,10/29/2021,18403
391,yollingtonau,ccarloniau@blogger.com,29,Israel,Actuary,red,2/3/2014,7/6/2020,68628
392,mkirtonav,hkocheav@zdnet.com,67,France,Financial Advisor,blue,6/5/2022,12/18/2021,18035
393,kcaytonaw,framiroaw@hubpages.com,18,China,Structural Analysis Engineer,purple,12/3/2017,8/4/2020,77093
394,sperrinsax,wcorballisax@loc.gov,75,Sweden,Professor,blue,9/24/2011,8/24/2020,41790
395,ztiltay,nepsleyay@opensource.org,19,Moldova,Cost Accountant,yellow,1/24/2018,11/21/2022,99271
396,cjoshamaz,tsiviouraz@mysql.com,32,France,Recruiter,blue,10/18/2022,5/1/2022,40675
397,jbassillb0,rswayneb0@homestead.com,50,Indonesia,Environmental Specialist,purple,1/27/2022,2/5/2021,14902
398,gcundictb1,abutlandb1@multiply.com,96,Ethiopia,Physical Therapy Assistant,blue,1/26/2016,2/17/2022,34751
399,fstadenb2,lvonsalzbergb2@taobao.com,30,Indonesia,Software Engineer IV,purple,9/18/2013,9/18/2022,1340
400,khullsb3,mjirkab3@guardian.co.uk,86,Russia,Software Consultant,yellow,5/13/2010,3/3/2020,70885
401,dhulanceb4,pgludorb4@angelfire.com,100,China,Database Administrator IV,yellow,3/14/2013,4/22/2021,3259
402,tprudhamb5,dstuckeyb5@123-reg.co.uk,100,Moldova,Occupational Therapist,green,4/27/2021,12/27/2020,48808
403,eseligsonb6,bmaidlowb6@flickr.com,49,Indonesia,VP Sales,blue,4/26/2019,11/23/2022,83191
404,dhissettb7,hpitfordb7@miitbeian.gov.cn,66,Sudan,Compensation Analyst,green,4/18/2012,10/11/2021,20892
405,gdundendaleb8,boliverb8@biglobe.ne.jp,48,Indonesia,Financial Advisor,blue,10/21/2015,4/14/2020,29969
406,bcarpmileb9,crexworthyb9@hubpages.com,57,Sweden,Senior Financial Analyst,purple,4/23/2013,2/12/2020,68376
407,rwrackba,mmingameba@dedecms.com,74,Poland,Data Coordinator,blue,9/15/2015,1/22/2020,49934
408,belixbb,bbenjaminbb@comcast.net,93,Portugal,Marketing Assistant,green,11/7/2012,12/10/2022,60202
409,bkinnachbc,jbienvenubc@wisc.edu,27,Philippines,Structural Analysis Engineer,yellow,6/28/2019,3/7/2021,37642
410,bmunningsbd,trankcombd@printfriendly.com,49,Spain,Internal Auditor,green,6/8/2015,12/17/2022,3191
411,mpirotbe,aagerbe@storify.com,56,French Polynesia,Legal Assistant,yellow,4/12/2012,11/16/2022,80115
412,adenzilowbf,kgledhallbf@flavors.me,37,Mongolia,Senior Developer,purple,12/8/2014,8/4/2021,6049
413,bantoshinbg,cgregoracibg@163.com,82,Pakistan,Teacher,red,10/14/2010,7/19/2021,58053
414,tcisnerosbh,acosgrovebh@columbia.edu,91,Indonesia,Computer Systems Analyst III,red,9/25/2020,4/23/2021,33297
415,cludvigsenbi,itookbi@google.com.hk,42,Antigua and Barbuda,Speech Pathologist,yellow,4/4/2015,9/25/2022,83797
416,bpendlingtonbj,ogallandrebj@latimes.com,28,Brazil,Media Manager I,red,4/20/2014,4/20/2022,90131
417,gcardinalbk,ghurtadobk@joomla.org,99,China,Mechanical Systems Engineer,purple,9/21/2014,2/24/2022,54940
418,nandrejsbl,pwillardbl@cbc.ca,85,Ukraine,Design Engineer,yellow,2/17/2010,7/6/2021,51049
419,iwilseebm,acaspellbm@mapquest.com,53,Macedonia,Quality Control Specialist,yellow,5/15/2010,1/3/2021,44934
420,klesliebn,sbensenbn@symantec.com,50,Philippines,Financial Analyst,purple,8/2/2018,12/30/2021,27942
421,cblakemorebo,acardoebo@4shared.com,34,Sweden,Technical Writer,red,3/27/2019,7/3/2022,25644
422,swhybraybp,cderrybp@biglobe.ne.jp,95,China,Marketing Manager,green,2/6/2014,10/7/2020,20994
423,ldolohuntybq,lmcdarmidbq@prnewswire.com,67,China,Dental Hygienist,purple,3/27/2012,12/5/2021,80521
424,frickwoodbr,emedlicottbr@rakuten.co.jp,39,Sweden,Senior Editor,green,12/27/2017,7/28/2020,56506
425,cbohlensbs,maronstambs@biblegateway.com,81,Argentina,Data Coordinator,purple,9/23/2014,8/23/2021,53659
426,dscorrerbt,tmcalessbt@cam.ac.uk,32,Burkina Faso,Administrative Assistant II,yellow,4/20/2020,10/6/2022,2634
427,mclurowbu,elightbodybu@fema.gov,86,Canada,Occupational Therapist,yellow,8/15/2020,12/29/2021,33245
428,mvogelerbv,ntreblebv@bbb.org,61,Colombia,Automation Specialist I,purple,1/14/2018,6/8/2022,40437
429,roransbw,sbilsfordbw@bizjournals.com,39,Indonesia,General Manager,green,1/14/2019,1/28/2020,72327
430,chumphersonbx,kdiessbx@sciencedaily.com,29,France,Recruiter,red,2/4/2021,3/6/2022,34561
431,ccliftby,rabramby@ebay.com,31,Zimbabwe,General Manager,blue,1/26/2016,5/1/2022,67903
432,ydevannybz,obalcersbz@sun.com,19,Haiti,VP Quality Control,blue,7/3/2021,8/8/2021,36514
433,oenrigoc0,baudissc0@free.fr,99,China,Tax Accountant,red,10/21/2020,11/2/2021,86923
434,cdavioudc1,dgeraldic1@phpbb.com,51,Sweden,Assistant Manager,red,10/30/2015,3/22/2022,25536
435,slantiffec2,mclaughtonc2@archive.org,79,Japan,Recruiter,purple,2/8/2022,3/16/2022,47494
436,pdyneleyc3,bglaviasc3@about.com,44,Costa Rica,Assistant Professor,blue,10/4/2018,2/16/2021,94970
437,ckelfc4,hquarmbyc4@cnn.com,48,Ireland,Project Manager,purple,7/27/2021,4/16/2020,48729
438,cyssonc5,fcorkittc5@seesaa.net,45,Philippines,Help Desk Technician,green,11/25/2013,6/29/2022,5285
439,fbenzc6,wfeganc6@nytimes.com,66,Zimbabwe,Social Worker,blue,3/30/2014,3/16/2022,33754
440,jpourveerc7,lgrantc7@chicagotribune.com,63,China,Programmer IV,yellow,2/22/2017,7/3/2022,64605
441,fropkinsc8,caitchinsonc8@google.ru,18,Indonesia,Health Coach II,green,12/18/2021,10/4/2022,97847
442,ncocherc9,amatthessenc9@nsw.gov.au,100,Maldives,Chemical Engineer,red,2/7/2020,12/31/2020,34733
443,osandemanca,gwelmanca@dagondesign.com,32,Yemen,Structural Engineer,yellow,9/25/2022,9/14/2022,75912
444,tdaintithcb,fmacskeagancb@wiley.com,24,Vietnam,Geological Engineer,red,4/27/2021,4/4/2020,59323
445,mgruszczakcc,sstandingcc@hp.com,69,Colombia,Environmental Specialist,red,8/17/2011,11/20/2021,32723
446,rreynoldcd,lowensoncd@bluehost.com,32,China,Structural Engineer,red,8/1/2014,12/9/2021,43363
447,eleirmonthce,epolince@wufoo.com,100,United States,Pharmacist,yellow,4/2/2021,1/8/2021,91982
448,ggadneycf,blappinecf@slideshare.net,47,Zimbabwe,Financial Analyst,red,7/21/2012,12/29/2020,77881
449,fbenleycg,hlodincg@globo.com,29,Latvia,Civil Engineer,purple,2/4/2020,2/14/2020,74173
450,aherleych,kmcgillch@squarespace.com,18,Argentina,VP Product Management,purple,8/6/2013,3/31/2021,2973
451,mconnoldci,mburlingameci@networksolutions.com,21,Portugal,Account Executive,blue,5/4/2017,6/11/2020,70947
452,csambercj,mandriuliscj@hp.com,89,Argentina,VP Marketing,green,9/16/2012,11/19/2022,6840
453,lbromeck,dbartosiakck@mapy.cz,35,Mongolia,Nurse,blue,7/8/2011,6/15/2021,93838
454,ostoopcl,lgalliardcl@technorati.com,78,Philippines,Payment Adjustment Coordinator,yellow,10/6/2022,11/14/2021,13624
455,handellcm,mcratherncm@biblegateway.com,38,Czech Republic,Editor,blue,8/22/2014,8/5/2020,69424
456,mhousincn,fhurringcn@hao123.com,41,Wallis and Futuna,Registered Nurse,green,9/6/2018,2/8/2021,99134
457,dparkhouseco,epeaco@techcrunch.com,100,China,Professor,yellow,1/10/2013,8/17/2021,28711
458,cspandleycp,kchesscp@sciencedirect.com,60,Colombia,Registered Nurse,red,6/1/2011,4/30/2020,11130
459,pcorkhillcq,esegrottcq@123-reg.co.uk,35,Greece,Sales Associate,blue,7/16/2021,9/10/2021,41549
460,dtidmarshcr,bmcmakincr@nytimes.com,64,Mali,Database Administrator I,green,9/21/2016,8/28/2022,79503
461,dcarletoncs,jnorhenycs@unesco.org,64,Russia,Senior Developer,blue,7/1/2011,6/18/2022,4755
462,nmowenct,ddykasct@hao123.com,65,Sweden,Geological Engineer,purple,1/27/2022,9/18/2021,78005
463,vmackimmiecu,ajosselcu@nba.com,35,France,Director of Sales,purple,3/30/2014,1/26/2022,22606
464,kcrenagecv,ncourtincv@ucla.edu,38,France,Director of Sales,purple,12/25/2017,4/17/2020,43698
465,aflawncw,epalercw@dyndns.org,30,China,Research Nurse,green,4/9/2021,1/10/2022,44030
466,jbarnacloughcx,sdeinhardtcx@netvibes.com,96,Kenya,Biostatistician IV,yellow,10/30/2019,11/5/2022,57982
467,jludlammecy,cgallehawkcy@liveinternet.ru,94,Poland,Community Outreach Specialist,red,2/9/2013,4/26/2021,13183
468,gcorkancz,bteaguecz@nih.gov,49,Nigeria,Nurse Practicioner,blue,4/2/2012,9/23/2021,57514
469,mkermond0,cosbandd0@php.net,49,Russia,Computer Systems Analyst IV,green,12/23/2011,5/9/2021,73371
470,snaldrettd1,dmcwhirterd1@creativecommons.org,56,Peru,Media Manager II,red,10/10/2016,4/24/2020,17002
471,khucklesbyd2,brallsd2@cocolog-nifty.com,59,China,Analyst Programmer,green,2/22/2021,7/28/2021,54961
472,ubruckd3,sdankersleyd3@mozilla.org,25,Bulgaria,Budget/Accounting Analyst II,purple,8/18/2021,10/16/2021,24408
473,lbutterd4,wkinkerd4@about.me,59,France,Programmer II,blue,8/12/2016,7/27/2021,39336
474,amortimerd5,ngausond5@issuu.com,80,Indonesia,Recruiting Manager,purple,7/12/2015,8/20/2022,7108
475,whalgarthd6,kmessinghamd6@people.com.cn,24,China,Data Coordinator,yellow,1/24/2016,7/9/2020,60002
476,jfollitd7,rhastingsd7@dailymail.co.uk,62,Philippines,Registered Nurse,blue,7/17/2012,12/28/2021,44175
477,nkirtland8,rmccullochd8@i2i.jp,89,United States,Human Resources Manager,green,1/1/2012,6/15/2020,81152
478,mhirched9,orheaumed9@amazon.co.uk,35,China,Developer IV,yellow,4/27/2017,4/10/2020,79089
479,svaarda,mmcgonigalda@jalbum.net,57,Syria,Executive Secretary,green,12/22/2021,7/23/2022,80217
480,ccurrerdb,cjansemadb@umn.edu,85,China,Help Desk Operator,purple,1/16/2012,2/10/2020,11825
481,tvineydc,abrosidc@mapquest.com,97,Sweden,Programmer Analyst IV,purple,1/28/2017,11/8/2021,97481
482,hkollatschdd,clandersdd@rakuten.co.jp,56,Albania,Marketing Manager,blue,12/11/2016,8/16/2020,66694
483,cwyardde,cantonovicde@odnoklassniki.ru,69,Colombia,Senior Developer,green,11/2/2022,5/18/2020,11275
484,bmatzaitisdf,ctrayesdf@wsj.com,74,Sudan,Data Coordinator,yellow,5/2/2016,3/26/2022,62056
485,klouedeydg,ebarrowdg@wisc.edu,84,Indonesia,Software Test Engineer II,green,4/17/2012,8/12/2022,71962
486,doverydh,cstaveleydh@oracle.com,100,China,Internal Auditor,green,1/16/2015,8/19/2020,70102
487,nscorrerdi,dessamdi@sohu.com,22,Uzbekistan,Human Resources Assistant III,red,12/13/2011,11/3/2020,90986
488,rnarisdj,rglaumdj@blog.com,26,Canada,Sales Representative,blue,4/13/2017,7/2/2022,88333
489,mhewesdk,rbuttledk@meetup.com,73,Poland,Automation Specialist II,yellow,9/7/2011,1/12/2022,88277
490,cshortcliffedl,epoppydl@wordpress.org,66,Bosnia and Herzegovina,Registered Nurse,green,1/5/2011,11/7/2020,53408
491,cbruhnkedm,lgingeldm@typepad.com,40,Latvia,Software Consultant,green,1/4/2010,12/21/2020,2727
492,bmartlewdn,dstammerdn@nih.gov,97,China,Engineer I,blue,5/30/2012,9/28/2021,16112
493,idixeydo,pdennittsdo@cyberchimps.com,55,France,Financial Advisor,yellow,10/19/2016,9/19/2021,68678
494,abarehamdp,brandledp@ehow.com,66,Ukraine,Technical Writer,purple,8/12/2021,10/11/2020,27287
495,skenelindq,tsuddockdq@google.com.br,96,France,Dental Hygienist,red,8/1/2011,10/23/2020,25051
496,abarranddr,agallaherdr@businessweek.com,93,China,Dental Hygienist,purple,2/22/2020,7/7/2022,6050
497,bsleepds,tblabeyds@comsenz.com,57,Pakistan,Chief Design Engineer,green,2/2/2014,6/16/2020,70025
498,mdungaydt,smcareaveydt@cocolog-nifty.com,69,Russia,General Manager,red,10/23/2016,12/23/2022,54519
499,cavramchikdu,gallsobrookdu@domainmarket.com,98,Indonesia,Statistician II,red,11/7/2021,4/27/2020,57085
500,smatousdv,acrennandv@indiatimes.com,41,Nigeria,Human Resources Manager,blue,3/5/2017,1/14/2022,44698
501,atantdw,kkettledw@sbwire.com,78,Nigeria,VP Sales,yellow,6/29/2011,7/28/2020,46147
502,tangrickdx,tdoumerquedx@guardian.co.uk,22,Russia,Analog Circuit Design manager,yellow,10/28/2015,8/31/2020,70905
503,esearjeantdy,mwillsheardy@mysql.com,60,China,Physical Therapy Assistant,blue,4/1/2016,8/17/2020,63225
504,wcrookstondz,atrewindz@elpais.com,72,Russia,Nuclear Power Engineer,red,5/18/2020,7/17/2020,95855
505,ltotte0,nkitte0@usda.gov,24,Palestinian Territory,Librarian,yellow,12/10/2020,10/7/2021,99927
506,echapiroe1,lphilpine1@businessinsider.com,27,Russia,Programmer Analyst III,yellow,7/20/2021,6/21/2021,49504
507,krapleye2,jpatchinge2@over-blog.com,33,France,Executive Secretary,green,7/26/2017,8/17/2020,39687
508,agyvese3,njohnseee3@theglobeandmail.com,91,United States,Assistant Media Planner,red,4/23/2011,4/16/2021,11888
509,jwilboree4,sdafte4@friendfeed.com,74,Nigeria,Operator,red,9/2/2019,3/21/2021,37982
510,dsethe5,rgaynesforde5@sohu.com,67,Ukraine,Human Resources Manager,yellow,2/19/2011,3/3/2022,98910
511,oaddamse6,isleite6@time.com,20,Kenya,Sales Associate,yellow,11/13/2019,1/17/2022,36039
512,hofiellye7,isisnette7@prlog.org,45,Russia,Registered Nurse,red,6/5/2014,9/19/2021,56481
513,rmedforde8,hbraidene8@google.fr,64,China,Food Chemist,purple,8/17/2014,8/15/2020,66510
514,sgoldstonee9,ukerswelle9@cisco.com,23,China,Chemical Engineer,purple,7/18/2018,8/2/2020,41385
515,ccritophea,rdovestonea@oracle.com,53,Kazakhstan,Programmer Analyst IV,purple,11/6/2017,4/28/2020,72252
516,yjammeseb,nrodwayeb@unicef.org,56,Argentina,Cost Accountant,green,8/21/2012,6/26/2020,94910
517,ecoathamec,ndittsec@squidoo.com,92,Honduras,Project Manager,yellow,11/6/2020,11/29/2022,95454
518,scaramusciaed,bcobbleded@adobe.com,94,Russia,Desktop Support Technician,blue,3/1/2018,4/26/2020,34682
519,fbaxsteree,nlesseree@nasa.gov,72,Pakistan,Legal Assistant,red,5/8/2014,2/12/2021,21190
520,mcamplenef,vcaccavellaef@pcworld.com,95,Ukraine,Analyst Programmer,yellow,6/24/2013,8/1/2022,77707
521,gbrasnereg,crippingaleeg@cnet.com,52,Indonesia,Occupational Therapist,green,12/9/2015,10/20/2022,40319
522,vdietscheeh,mattwoolleh@t-online.de,32,Indonesia,Research Nurse,red,5/20/2012,4/22/2020,65615
523,mlouisotei,jmciverei@uol.com.br,47,Philippines,Dental Hygienist,yellow,8/25/2011,3/16/2021,3505
524,fhebdonej,zhavillej@domainmarket.com,41,Ukraine,Product Engineer,purple,4/18/2015,2/26/2020,96462
525,cfreckeltonek,bjeffsek@google.ru,39,France,Chemical Engineer,purple,10/20/2016,7/27/2021,12463
526,mcrozierel,agaylorel@nbcnews.com,100,China,Project Manager,green,12/30/2017,7/12/2022,82421
527,nsydallem,aadrienneem@t-online.de,20,Brazil,Analog Circuit Design manager,green,5/23/2021,9/13/2021,22849
528,rebblesen,esansomen@cocolog-nifty.com,20,China,Assistant Media Planner,yellow,8/29/2014,7/11/2021,61460
529,bbrogionieo,twilbyeo@sbwire.com,77,Philippines,Web Developer IV,yellow,5/8/2017,8/1/2022,24897
530,omeriotep,kkohterep@china.com.cn,35,Poland,Executive Secretary,purple,4/27/2015,10/6/2022,48684
531,chunnywelleq,ifearneq@chicagotribune.com,40,Paraguay,VP Marketing,yellow,5/5/2014,4/21/2020,17227
532,mbeadleer,tdaouster@samsung.com,24,Brazil,Executive Secretary,blue,12/20/2010,9/19/2022,43076
533,hextones,lwillcottes@howstuffworks.com,73,Russia,Senior Developer,green,8/6/2014,12/10/2020,41065
534,zmadgwicket,jfarrieret@timesonline.co.uk,26,China,Research Associate,yellow,11/14/2017,5/5/2021,54503
535,msweetlandeu,hrobertellieu@linkedin.com,27,Brazil,Geologist IV,green,10/19/2018,3/29/2021,25490
536,jsealev,csirmanev@over-blog.com,61,China,Desktop Support Technician,blue,12/29/2016,10/9/2022,44673
537,lhalfordew,lkubuew@scribd.com,74,South Africa,Geological Engineer,green,9/27/2018,10/13/2020,37380
538,lcasselyex,bchithamex@aboutads.info,50,Indonesia,Software Test Engineer I,green,4/30/2020,12/24/2021,58595
539,xhessayey,jrosenthaley@themeforest.net,74,Malaysia,Professor,red,12/5/2011,1/12/2021,9521
540,epostenez,ndomanskiez@amazonaws.com,33,China,Assistant Manager,green,7/3/2010,4/17/2020,40438
541,sraphaelf0,zrentalllf0@nsw.gov.au,73,Indonesia,Clinical Specialist,yellow,1/10/2017,6/15/2022,85760
542,iflintufff1,srotheryf1@bing.com,98,Ghana,Research Associate,green,5/25/2019,8/28/2020,66878
543,mstenettf2,skortingf2@free.fr,51,Argentina,Help Desk Operator,blue,4/25/2022,1/14/2020,15020
544,meldertonf3,djablonskif3@sitemeter.com,87,Pakistan,Biostatistician II,blue,5/5/2022,4/10/2020,56252
545,ldenkf4,odraynf4@phpbb.com,59,Indonesia,GIS Technical Architect,yellow,8/15/2019,5/29/2020,96967
546,gsawdyf5,sbedbroughf5@newyorker.com,69,El Salvador,Analog Circuit Design manager,yellow,5/9/2018,6/16/2022,5233
547,lgudef6,hpeeterf6@vk.com,31,China,Occupational Therapist,yellow,3/18/2017,8/24/2021,68093
548,sstubsf7,abrolechanf7@studiopress.com,30,Brazil,Programmer Analyst III,green,10/22/2020,6/23/2020,24239
549,tnearsf8,hvaloisf8@mashable.com,56,Russia,Marketing Manager,red,6/9/2020,8/11/2020,63548
550,nkapelhofff9,atrowerf9@eventbrite.com,60,Sweden,Chief Design Engineer,yellow,1/28/2014,6/4/2021,49362
551,sgeraldezfa,pmcgheefa@free.fr,55,Bahamas,Clinical Specialist,green,8/15/2015,4/19/2021,58419
552,csallanfb,sgalbreathfb@ovh.net,19,China,VP Accounting,purple,9/22/2010,12/16/2020,24833
553,wkuhnwaldfc,gmoonfc@mlb.com,26,Burkina Faso,Account Representative II,red,8/31/2018,4/2/2020,47055
554,cmacsorleyfd,ahazemanfd@clickbank.net,51,Poland,Chemical Engineer,green,8/3/2017,8/16/2020,52953
555,brebbeckfe,byakovlivfe@washingtonpost.com,99,France,Paralegal,red,5/29/2013,2/1/2021,52788
556,mcaughanff,adavidoviczff@addthis.com,70,Russia,Registered Nurse,yellow,3/3/2010,12/24/2022,82274
557,ddoggfg,edayerfg@soup.io,37,Vietnam,Executive Secretary,green,9/17/2017,5/14/2020,27420
558,lvanshinfh,jdehnfh@vk.com,21,Mauritius,Safety Technician IV,red,3/12/2013,9/24/2021,98969
559,jvannoortfi,lmalimfi@gizmodo.com,36,Greece,Accountant III,green,7/4/2016,11/13/2021,95077
560,tsaichfj,efishburnfj@artisteer.com,56,Kenya,Professor,purple,9/20/2012,2/6/2020,83629
561,acanapefk,waylwinfk@geocities.com,95,United States,Marketing Manager,blue,11/9/2014,6/18/2022,58137
562,bwheaterfl,cbolstridgefl@vk.com,49,China,Senior Financial Analyst,green,11/22/2016,1/1/2022,9077
563,rsmithfm,sbaalhamfm@mashable.com,95,China,Technical Writer,green,7/26/2016,6/2/2022,3470
564,baltifn,fallcoatfn@noaa.gov,91,Czech Republic,Pharmacist,yellow,3/30/2013,4/6/2021,70416
565,mstarefo,mjehufo@accuweather.com,56,Mexico,Data Coordinator,purple,10/21/2011,3/24/2022,92087
566,emashfp,sboulstridgefp@utexas.edu,50,Greece,Media Manager IV,blue,5/21/2010,11/4/2021,94353
567,elethebridgefq,tbuskefq@netlog.com,55,Brazil,Software Engineer II,green,2/12/2013,5/9/2020,89629
568,blangstrathfr,hrunnettfr@photobucket.com,18,Peru,Food Chemist,green,4/26/2016,8/8/2020,19654
569,pogeaneyfs,rallberryfs@vimeo.com,25,Brazil,Budget/Accounting Analyst IV,blue,5/1/2015,8/30/2022,13085
570,jhoodspethft,cgoreyft@odnoklassniki.ru,95,Syria,Tax Accountant,green,10/31/2019,10/3/2021,67405
571,rfootittfu,jpetronisfu@altervista.org,20,Netherlands,Data Coordinator,red,8/12/2019,4/7/2020,18248
572,pmounchfv,zhellinfv@apache.org,98,Colombia,Business Systems Development Analyst,yellow,6/18/2013,7/22/2020,30111
573,clangstonefw,jsideryfw@arstechnica.com,32,Philippines,Internal Auditor,red,10/1/2016,1/4/2022,92660
574,lbeaginfx,mcinofx@vistaprint.com,63,Pakistan,Assistant Media Planner,purple,10/18/2016,12/25/2020,7864
575,mprowtingfy,klenehamfy@networksolutions.com,79,Samoa,Recruiting Manager,purple,9/17/2014,2/29/2020,62596
576,kswancockfz,dmurtyfz@cornell.edu,96,China,Senior Developer,purple,11/8/2014,3/17/2020,22179
577,apetersg0,omcgeachieg0@fotki.com,66,Russia,Budget/Accounting Analyst II,yellow,3/13/2017,3/4/2020,88267
578,cbalchg1,dsainesg1@ucla.edu,28,Indonesia,Geologist III,green,9/3/2012,10/9/2022,40780
579,wguittetg2,tjahnigg2@pinterest.com,49,Sri Lanka,Project Manager,purple,6/8/2011,11/3/2022,78775
580,dgreatedg3,lpendlingtong3@trellian.com,81,Costa Rica,Financial Analyst,yellow,7/21/2013,9/9/2022,81513
581,kcappellg4,hbowdreyg4@wsj.com,64,Guatemala,Pharmacist,purple,7/24/2012,4/28/2020,30450
582,lriddingg5,cradouxg5@foxnews.com,42,Sweden,Executive Secretary,purple,2/17/2012,1/21/2020,31166
583,mguerrerug6,fgalleng6@g.co,87,Russia,Computer Systems Analyst I,green,12/13/2021,6/17/2020,92470
584,dgauntg7,adearellg7@pen.io,77,Belarus,GIS Technical Architect,green,5/10/2022,6/18/2021,51266
585,clanfranconig8,mstovoldg8@gravatar.com,92,Russia,Financial Advisor,purple,12/11/2015,2/9/2020,39000
586,tmosdallg9,dnelleg9@hugedomains.com,76,China,Analyst Programmer,purple,4/24/2017,6/25/2022,4468
587,mbeckinsalega,apowersga@plala.or.jp,51,Portugal,Quality Control Specialist,green,12/21/2010,4/24/2022,6043
588,dwelbelovegb,dpidgeleygb@mashable.com,48,Czech Republic,Programmer Analyst III,purple,12/2/2014,4/27/2021,78007
589,mdmisekgc,wrycroftgc@hhs.gov,67,China,Safety Technician IV,purple,6/26/2016,2/18/2022,38916
590,soatleygd,fbusengd@cnbc.com,66,China,General Manager,red,10/31/2015,11/1/2022,24618
591,rfesbyge,fhucquartge@google.de,37,China,Staff Accountant IV,red,5/8/2022,4/4/2020,21957
592,ekorfgf,rbrockettgf@amazon.com,91,China,Senior Financial Analyst,blue,5/10/2016,6/20/2021,6201
593,deastmeadgg,rorbinegg@omniture.com,36,Guatemala,Web Developer IV,blue,8/24/2019,3/10/2022,83006
594,rmantrippgh,ssatterleygh@mail.ru,47,China,Senior Developer,purple,5/21/2021,10/12/2022,34009
595,wlovatgi,hhalpeinegi@google.com.br,89,China,Human Resources Assistant IV,yellow,8/28/2015,9/21/2022,93821
596,wpatsallgj,esherburngj@ted.com,77,Bulgaria,Pharmacist,green,11/12/2015,11/16/2021,76960
597,ashervingtongk,kreckusgk@cyberchimps.com,63,Israel,Paralegal,yellow,6/18/2016,4/17/2020,9562
598,gpickancegl,gstrelitzkigl@state.gov,40,China,Operator,yellow,7/1/2016,12/19/2022,15785
599,koveralgm,mcockadaygm@boston.com,62,Indonesia,Speech Pathologist,yellow,11/25/2014,5/7/2022,77833
600,cofogertygn,bfachegn@amazon.com,78,Russia,Account Representative III,purple,3/30/2020,12/18/2020,62094
601,tjosselgo,kbaudonego@harvard.edu,43,Brazil,Geological Engineer,yellow,5/8/2012,3/29/2020,54144
602,cbudikgp,cmanleygp@symantec.com,55,China,Desktop Support Technician,red,11/9/2011,9/30/2021,99987
603,tburnsidesgq,csamsworthgq@g.co,49,China,Recruiting Manager,green,6/27/2011,8/23/2020,48760
604,dheitongr,dnoldagr@ask.com,84,Portugal,Sales Associate,purple,1/17/2018,3/15/2022,32410
605,fskeermergs,qdubbings@google.com.hk,84,China,Recruiting Manager,blue,8/15/2018,2/5/2020,5669
606,jpalisergt,kcalderbankgt@spotify.com,80,Argentina,Marketing Assistant,red,5/27/2020,8/12/2020,31408
607,lhopkynsgu,urosekillygu@cmu.edu,30,Brazil,VP Product Management,green,6/8/2012,11/2/2022,10548
608,ebrumfittgv,smccathaygv@opensource.org,69,Indonesia,Professor,green,9/15/2011,5/1/2021,30476
609,mfearnyhoughgw,hfarnellgw@earthlink.net,62,Ethiopia,Safety Technician IV,purple,2/17/2010,1/10/2021,27198
610,sbrockingtongx,cmaccaugheygx@google.com.au,69,China,Account Executive,blue,12/22/2014,4/4/2022,68407
611,bezzlegy,cwrotchfordgy@archive.org,86,Philippines,Payment Adjustment Coordinator,red,12/16/2011,1/23/2020,76387
612,wmcharggz,kjacobsgz@kickstarter.com,50,Brazil,Financial Analyst,red,11/25/2010,11/20/2021,18480
613,mnewberryh0,lgrizardh0@shareasale.com,67,Mauritius,Research Assistant I,purple,4/17/2012,11/3/2020,38683
614,tfreakh1,rpitcaithleyh1@indiatimes.com,78,China,Dental Hygienist,green,3/20/2011,1/10/2021,27038
615,hdalliwatrh2,bmcgrirlh2@tripod.com,89,China,Civil Engineer,purple,9/12/2020,10/20/2021,87276
616,dknowltonh3,ccassimerh3@dot.gov,34,Philippines,Research Assistant III,purple,9/16/2017,1/26/2021,21811
617,cbryentonh4,rkastingh4@1und1.de,79,Ukraine,Sales Representative,purple,3/28/2014,5/28/2021,36004
618,sdelahunth5,roloughranh5@hugedomains.com,65,Palestinian Territory,Assistant Media Planner,blue,6/4/2019,4/20/2020,2095
619,khalesworthh6,gmcgurganh6@sphinn.com,93,Sri Lanka,Safety Technician II,purple,3/2/2010,8/27/2020,99288
620,pfreerh7,nmacclayh7@newyorker.com,80,Greece,Quality Engineer,blue,12/1/2022,7/31/2021,6665
621,cvianh8,swinchurchh8@github.com,60,Macedonia,Product Engineer,red,7/11/2018,2/9/2020,45536
622,bgrevesh9,llarrath9@infoseek.co.jp,87,Philippines,Nuclear Power Engineer,red,4/19/2012,9/12/2020,37982
623,tjosiahha,gjiracekha@blogspot.com,63,China,Physical Therapy Assistant,yellow,9/6/2011,6/19/2022,27555
624,dtiliohb,coliverhb@ovh.net,22,Cameroon,Environmental Tech,green,2/21/2019,12/8/2020,27701
625,sadamovitzhc,lbaudinethc@bandcamp.com,29,China,Office Assistant III,yellow,4/21/2014,8/25/2022,2980
626,bdarracotthd,kromanhd@last.fm,69,Slovenia,Dental Hygienist,green,4/28/2020,10/19/2022,90056
627,hbohlinhe,knuccihe@zdnet.com,62,Sweden,Automation Specialist III,green,8/11/2017,9/2/2021,10654
628,aminchindonhf,vbewlayhf@t.co,95,Poland,Quality Engineer,purple,6/15/2010,1/30/2022,70458
629,bdunleyhg,rbulcrofthg@blogspot.com,80,Bosnia and Herzegovina,Engineer III,red,2/5/2021,5/28/2022,15852
630,lbugshh,ybagnalhh@state.tx.us,34,Ukraine,Social Worker,red,10/13/2017,4/10/2021,73319
631,ssproulshi,alippohi@wiley.com,48,Brazil,Quality Engineer,red,6/18/2010,11/25/2020,52727
632,pruggehj,cstanelandhj@acquirethisname.com,50,Greece,Information Systems Manager,red,2/20/2010,1/6/2022,10059
633,pdrakeleyhk,jcorkerhk@yandex.ru,92,Macedonia,Accountant I,red,3/20/2012,9/4/2020,353
634,lcodyhl,fshirilhl@amazon.co.jp,33,Philippines,Registered Nurse,yellow,1/9/2011,12/26/2022,88679
635,alinbohmhm,csussanshm@reddit.com,55,Peru,Web Designer II,blue,7/5/2012,9/19/2022,71383
636,olethieulierhn,dlillowhn@gov.uk,79,United States,Staff Scientist,yellow,12/14/2019,4/29/2021,55058
637,mbourdiceho,eshillitoeho@google.com.br,68,Malta,Research Assistant I,red,9/7/2020,6/2/2022,29510
638,kjollandshp,mcrellimhp@cdc.gov,84,Argentina,Cost Accountant,purple,3/24/2022,8/4/2020,98604
639,djoontjeshq,pdriuttihq@yandex.ru,67,Indonesia,VP Product Management,green,5/29/2019,9/8/2020,57611
640,efordhr,tkleinehr@mediafire.com,23,Sierra Leone,Database Administrator IV,red,1/11/2013,3/25/2022,54581
641,kbyrdhs,vmantlehs@sourceforge.net,68,Finland,Senior Editor,purple,10/31/2021,5/2/2021,51195
642,ccarlinht,avassallht@vistaprint.com,64,Ireland,Actuary,red,8/2/2020,8/22/2021,25044
643,lreinischhu,otilzeyhu@java.com,31,Brazil,Nurse,purple,8/23/2012,11/17/2020,16108
644,vyemmhv,lpossahv@homestead.com,90,China,Senior Financial Analyst,yellow,9/2/2019,5/20/2020,27305
645,ewalshehw,crollasonhw@state.gov,89,French Polynesia,Legal Assistant,red,6/13/2012,7/11/2022,45034
646,gmacandrewhx,iringshx@stumbleupon.com,51,Czech Republic,Computer Systems Analyst III,blue,2/24/2012,7/31/2021,97399
647,gdobbynhy,smundayhy@oakley.com,27,Ukraine,Physical Therapy Assistant,yellow,5/30/2012,1/24/2020,15272
648,ascaplehornhz,mwydhz@flickr.com,18,China,Information Systems Manager,red,7/23/2014,10/17/2021,75795
649,pbeeri0,seaklei0@usa.gov,33,China,Account Coordinator,blue,11/5/2022,5/8/2022,31649
650,ditschakovi1,trisebareri1@dedecms.com,65,Indonesia,Pharmacist,red,4/30/2012,5/7/2020,80611
651,bpomeryi2,lthurlbyi2@latimes.com,71,France,Account Coordinator,green,5/16/2022,10/13/2021,36590
652,rantati3,lsailli3@nymag.com,57,Russia,Professor,yellow,7/26/2018,3/30/2021,83615
653,jthompsetti4,lkeyi4@simplemachines.org,66,Indonesia,Database Administrator I,green,11/25/2017,3/4/2022,74165
654,irosengarti5,tmeighani5@de.vu,46,Indonesia,Assistant Manager,green,12/23/2013,9/15/2021,23348
655,lwasteneyi6,sfitzsimonsi6@irs.gov,67,Russia,Developer IV,green,2/23/2010,6/19/2020,29258
656,wbagnelli7,hwildesi7@51.la,57,Colombia,Assistant Media Planner,blue,10/24/2019,12/2/2022,33956
657,tlimmeri8,smcmorrani8@google.fr,36,Ireland,Nurse Practicioner,yellow,6/15/2015,8/14/2020,7459
658,cjessopi9,cnorsisteri9@yolasite.com,77,Colombia,Chief Design Engineer,yellow,1/17/2020,11/11/2020,4521
659,cbagnellia,ncossentineia@bigcartel.com,29,Sweden,Financial Advisor,blue,9/1/2022,2/24/2022,85028
660,aadrainib,imccardib@webs.com,47,China,Staff Scientist,purple,3/5/2020,10/9/2022,59256
661,jjochensic,wyellandic@blogs.com,63,Russia,Marketing Manager,purple,5/13/2015,6/2/2021,24047
662,dbickmoreid,cgolbyid@biblegateway.com,96,El Salvador,Registered Nurse,yellow,8/21/2021,7/30/2021,25210
663,sbilverstoneie,ffarrinie@aboutads.info,62,China,Account Executive,blue,11/4/2019,12/7/2020,32368
664,dnottinghamif,pmcpartlinif@si.edu,95,China,Web Designer I,red,8/25/2014,11/9/2022,36394
665,jwoodworthig,avasovicig@wikia.com,18,China,Junior Executive,green,12/4/2014,7/16/2022,52581
666,ccampsallih,tdonisthorpeih@google.es,65,Brazil,Occupational Therapist,blue,10/23/2021,5/8/2022,56230
667,pcorrettii,jbanfordii@webs.com,25,France,Automation Specialist IV,green,8/28/2018,3/31/2020,97133
668,vhuckleij,hshasnanij@slideshare.net,70,Brazil,Human Resources Assistant I,purple,5/29/2016,2/4/2020,89786
669,ghamsherik,sjozsikaik@sohu.com,20,Colombia,Legal Assistant,yellow,3/23/2012,1/29/2022,45048
670,jowenil,dchrispinil@apple.com,21,Yemen,Tax Accountant,purple,5/15/2011,11/4/2021,16699
671,dspontonim,achritchlowim@networksolutions.com,64,Greece,GIS Technical Architect,red,3/1/2013,6/13/2021,34303
672,rgrumellin,atitterellin@shop-pro.jp,84,Brazil,Sales Representative,green,2/9/2011,9/12/2022,72924
673,kcouserio,bconradieio@4shared.com,49,Poland,Automation Specialist I,red,5/4/2022,1/6/2022,85612
674,rgegayip,ebernocchiip@wikia.com,60,China,Recruiting Manager,blue,3/16/2022,7/24/2020,95226
675,tcroysdaleiq,pberendsiq@va.gov,80,China,Nuclear Power Engineer,purple,11/11/2021,6/23/2021,11762
676,bchaplynir,binstonir@guardian.co.uk,34,Argentina,Nuclear Power Engineer,red,3/12/2013,5/12/2021,380
677,iscaseis,mbaggelleyis@blinklist.com,60,Kazakhstan,Community Outreach Specialist,yellow,2/16/2016,9/4/2021,45596
678,dgoodeit,lklinerit@netscape.com,83,Czech Republic,Product Engineer,purple,12/1/2021,9/26/2021,57786
679,kdongateiu,mfrippsiu@cbc.ca,56,Philippines,VP Quality Control,green,9/30/2016,8/29/2021,22543
680,lrobbekeiv,gwratteniv@wsj.com,99,South Africa,Research Associate,green,4/4/2013,10/24/2022,55384
681,pdantuoniiw,nfairbeardiw@reference.com,50,China,Structural Analysis Engineer,yellow,8/21/2010,4/4/2021,78869
682,kclulowix,edimitrescuix@answers.com,99,Philippines,Occupational Therapist,yellow,12/17/2021,3/25/2022,21732
683,mocurrineiy,hluardiy@toplist.cz,44,Peru,Recruiter,purple,11/10/2017,6/17/2022,54307
684,ralbertiiz,clargentiz@canalblog.com,71,China,Environmental Specialist,red,11/11/2018,12/5/2021,76331
685,jmckiej0,taldamj0@bizjournals.com,82,Malaysia,Safety Technician II,yellow,4/13/2015,7/28/2021,24503
686,nvalettj1,bbrashierj1@studiopress.com,47,United States,Software Consultant,purple,3/5/2013,6/6/2022,27728
687,gdresserj2,smackeej2@cnn.com,82,Poland,Sales Associate,blue,9/21/2017,7/28/2022,59846
688,rsnuggsj3,bpatsallj3@slate.com,66,Ivory Coast,VP Product Management,green,4/17/2013,9/26/2021,24102
689,igeavenyj4,kpurslowj4@domainmarket.com,33,Indonesia,Design Engineer,purple,12/5/2018,7/28/2020,74543
690,jgullickj5,cmccreathj5@blinklist.com,60,France,Desktop Support Technician,purple,12/16/2020,5/14/2021,85803
691,awasselinj6,komolanj6@taobao.com,18,China,Programmer Analyst III,green,7/28/2011,2/25/2020,70637
692,amorenaj7,sgeorgej7@imgur.com,97,China,VP Marketing,purple,9/12/2022,11/4/2020,59085
693,dhrishanokj8,bheigoldj8@hexun.com,23,China,GIS Technical Architect,yellow,11/5/2016,12/8/2020,62411
694,gwarnej9,oselewayj9@gnu.org,34,Argentina,Programmer II,green,12/29/2017,1/26/2022,1314
695,blukashja,kmarkusja@youtube.com,90,Bosnia and Herzegovina,Software Engineer I,red,6/13/2013,4/30/2020,58588
696,tsampeyjb,rklainjb@cnbc.com,21,China,Data Coordinator,yellow,7/27/2014,1/6/2021,60831
697,sricejc,rpuckhamjc@blogs.com,75,Russia,Professor,green,9/6/2012,6/2/2020,34760
698,dchamleyjd,fbalassijd@sitemeter.com,35,Syria,Staff Accountant II,red,10/31/2015,12/15/2020,35012
699,rcubleyje,slapidesje@barnesandnoble.com,19,Russia,Database Administrator III,yellow,1/6/2017,3/30/2020,12362
700,eboritjf,ewitheyjf@cmu.edu,41,United States,Assistant Manager,yellow,8/29/2015,12/23/2022,47721
701,kstquintinjg,rshortanjg@skyrock.com,80,Indonesia,Accounting Assistant III,green,9/7/2010,5/15/2022,85534
702,opetruschjh,igianninottijh@bigcartel.com,81,Poland,Director of Sales,green,7/16/2019,4/12/2020,66946
703,jurlinji,rrydzynskiji@vk.com,71,Thailand,Senior Editor,green,1/9/2018,11/10/2021,70331
704,rsawkinjj,hboulesjj@google.de,21,Indonesia,General Manager,red,3/7/2010,1/26/2021,83613
705,mmatthiesonjk,srumbelowjk@mac.com,64,Vietnam,Quality Engineer,purple,8/22/2019,5/12/2020,33157
706,bferraronjl,akollachjl@wordpress.org,24,China,Marketing Manager,blue,6/25/2016,5/8/2020,74280
707,mslossjm,dstraceyjm@t-online.de,36,Sweden,Sales Associate,purple,5/11/2019,5/22/2021,12604
708,faspyjn,kkmieciakjn@xing.com,25,Philippines,Cost Accountant,green,5/17/2012,4/2/2021,74044
709,gcauthrajo,esanhamjo@wunderground.com,35,China,Food Chemist,blue,7/30/2020,5/27/2021,78185
710,seffnertjp,qforsydejp@ovh.net,61,United States,Software Engineer IV,purple,1/30/2019,12/1/2021,16076
711,kbexonjq,mrousselljq@earthlink.net,82,Mongolia,Chemical Engineer,yellow,1/1/2015,3/14/2022,96287
712,jthreadgoldjr,cbeckinsalejr@ihg.com,32,Philippines,Data Coordinator,purple,12/23/2010,1/19/2022,67063
713,prosenqvistjs,rmowsonjs@google.es,26,France,Executive Secretary,purple,2/15/2016,7/17/2020,32831
714,cdalgleishjt,kwiskarjt@disqus.com,24,Mexico,Professor,purple,2/28/2022,6/4/2022,42278
715,kmccannyju,bbarrassju@abc.net.au,88,Brazil,Software Engineer I,green,5/7/2021,7/24/2021,88802
716,gsalmondjv,fsiaskowskijv@nationalgeographic.com,39,Sweden,Registered Nurse,purple,6/21/2017,9/25/2020,82377
717,ebanglejw,cbramleyjw@geocities.com,36,Nigeria,Structural Analysis Engineer,red,7/5/2010,8/11/2021,61810
718,arabbetjx,skinmanjx@pagesperso-orange.fr,29,Ukraine,Quality Engineer,blue,10/13/2019,8/2/2022,80580
719,bburgenjy,jdanettjy@hp.com,22,Lithuania,Recruiting Manager,red,6/10/2019,7/11/2021,8408
720,ashowlerjz,cfanejz@moonfruit.com,71,Poland,Business Systems Development Analyst,yellow,12/12/2021,11/4/2022,72708
721,dwaisonk0,hhinzerk0@gizmodo.com,88,Albania,Assistant Professor,green,12/14/2021,5/23/2022,18779
722,hcamusk1,bdriffieldk1@hao123.com,24,France,Software Test Engineer III,yellow,1/31/2014,9/16/2022,94930
723,lkaplank2,bbladenk2@squarespace.com,46,China,Structural Engineer,purple,11/14/2013,2/22/2022,34101
724,khourahank3,lhalmkink3@google.de,70,Russia,Information Systems Manager,blue,4/29/2016,7/27/2020,34466
725,qjiracekk4,smusickak4@blog.com,43,Indonesia,VP Marketing,blue,1/4/2018,8/8/2021,14120
726,eworsfoldk5,lbarouxk5@omniture.com,19,Uzbekistan,General Manager,purple,4/17/2010,11/7/2021,94585
727,jdyek6,jdunbavink6@canalblog.com,47,China,Electrical Engineer,blue,9/10/2013,8/13/2022,32221
728,lcribbottk7,jbaseliok7@a8.net,73,Thailand,Internal Auditor,red,12/12/2014,6/6/2022,35611
729,ahustingsk8,oheughk8@eepurl.com,75,El Salvador,Professor,yellow,7/7/2020,4/29/2021,22058
730,alaurischk9,lfishlyk9@census.gov,41,Morocco,Internal Auditor,purple,1/4/2016,11/9/2020,2697
731,lbecarraka,hkemeka@macromedia.com,79,France,Research Associate,green,12/23/2019,6/24/2022,18220
732,mevangelinoskb,rpeschmannkb@deliciousdays.com,25,Ecuador,Systems Administrator III,green,12/19/2020,6/4/2021,71309
733,mungererkc,hterbruggenkc@netvibes.com,64,Philippines,Staff Scientist,purple,1/21/2020,4/5/2022,72244
734,kfullomkd,mmazinkd@springer.com,64,Peru,Marketing Assistant,green,12/23/2021,7/19/2020,79674
735,blitchfieldke,bwantlingke@51.la,83,France,Human Resources Manager,red,1/27/2015,7/9/2022,78599
736,bjedrzejewiczkf,zrosomankf@nba.com,28,Philippines,Senior Cost Accountant,purple,8/12/2010,2/14/2021,74140
737,wpopleykg,cbowheykg@xrea.com,71,Uruguay,Environmental Specialist,blue,3/17/2020,5/29/2020,78059
738,cfawthropkh,eadeskh@blogger.com,92,Vietnam,Community Outreach Specialist,red,2/8/2012,8/6/2022,64225
739,mcicciki,fshippamki@gizmodo.com,28,Russia,Web Designer II,green,11/4/2017,11/12/2020,66313
740,gklemtkj,rbuglasskj@devhub.com,68,Indonesia,Accounting Assistant IV,green,3/16/2019,11/17/2020,68661
741,amosbykk,amackellenkk@mediafire.com,18,China,VP Marketing,purple,10/26/2016,9/21/2021,96569
742,awheeldonkl,hslocombekl@washington.edu,21,China,Statistician I,purple,12/22/2015,11/25/2022,21877
743,dwadworthkm,graistrickkm@google.ru,40,China,Executive Secretary,purple,8/18/2014,6/12/2021,28267
744,cculletonkn,kkenwoodkn@yelp.com,31,China,GIS Technical Architect,yellow,2/19/2016,8/31/2020,23320
745,jplaydonko,npearlmanko@walmart.com,99,France,Director of Sales,purple,10/14/2013,8/12/2022,41277
746,rgrigoliiskp,pburrkp@bloomberg.com,80,Russia,Engineer IV,purple,4/28/2016,11/24/2022,36775
747,awhitlockkq,mcorpskq@answers.com,53,Antigua and Barbuda,Associate Professor,red,4/21/2013,11/29/2022,10753
748,dmattauskr,pshieldskr@github.com,53,Montenegro,Account Representative III,purple,9/20/2018,11/12/2020,15907
749,bhoveks,btawks@1688.com,28,Sweden,Financial Advisor,green,7/25/2012,12/9/2022,86026
750,tbalintkt,obertomekt@home.pl,90,Poland,Teacher,yellow,2/1/2017,2/5/2021,2678
751,rkerreyku,bgladtbachku@desdev.cn,72,Brazil,Assistant Professor,green,4/1/2010,1/13/2020,98976
752,eellawaykv,cgawthropkv@cloudflare.com,70,Iran,Legal Assistant,blue,1/18/2017,6/9/2021,22991
753,kandrisskw,gbrimmingkw@nih.gov,44,Morocco,VP Accounting,green,7/25/2015,12/4/2022,69358
754,mmainwaringkx,wloveittkx@businessweek.com,22,Thailand,Senior Quality Engineer,yellow,5/14/2020,4/2/2020,93033
755,mgonthierky,grummerky@naver.com,74,Yemen,Account Representative III,purple,6/4/2010,9/21/2022,40004
756,tocklinkz,mklimentkz@who.int,95,Serbia,Developer IV,green,8/1/2022,11/7/2021,28062
757,sputtonl0,aphillipsonl0@friendfeed.com,65,Russia,Financial Advisor,red,11/27/2016,8/5/2020,18519
758,iwaitel1,handraultl1@comsenz.com,19,Czech Republic,Professor,purple,2/17/2010,9/14/2020,56896
759,jeklessl2,ridwalevansl2@delicious.com,67,Zimbabwe,Chief Design Engineer,purple,6/13/2014,1/16/2020,61332
760,emussillil3,criggeardl3@businesswire.com,79,Indonesia,Database Administrator III,blue,10/12/2013,6/9/2021,65122
761,ksupplel4,rvatinil4@bbb.org,87,Peru,Web Designer III,green,11/26/2022,11/24/2020,34141
762,tlumsdenl5,eroughl5@usgs.gov,35,Indonesia,Assistant Media Planner,yellow,4/19/2015,3/23/2020,16633
763,ttuitel6,frobezl6@nbcnews.com,61,Sweden,Computer Systems Analyst II,red,4/2/2012,4/1/2022,33280
764,cmccarterl7,rchadbournl7@independent.co.uk,64,Thailand,Cost Accountant,green,9/27/2022,5/25/2021,84754
765,eorrisl8,lfrickeyl8@diigo.com,84,Portugal,Internal Auditor,green,8/4/2011,7/8/2022,32902
766,ainskol9,flivesleyl9@princeton.edu,21,China,Senior Sales Associate,red,7/7/2016,1/13/2021,13682
767,nwoodgatela,tmiqueletla@macromedia.com,43,China,Quality Engineer,yellow,3/2/2021,12/28/2020,63708
768,fnourselb,hmattlb@hao123.com,75,Nigeria,Senior Financial Analyst,green,11/13/2011,8/6/2022,47928
769,cbosslc,otinstonlc@cisco.com,40,Indonesia,Nurse,red,12/17/2018,9/6/2022,30896
770,shlavacld,jmanueleld@jalbum.net,99,Russia,Associate Professor,green,5/14/2010,7/31/2022,10187
771,raugustinele,igrubble@freewebs.com,65,Philippines,Sales Representative,yellow,1/8/2010,7/5/2020,45879
772,aleatherborrowlf,hsestonlf@irs.gov,31,Philippines,Help Desk Technician,red,7/2/2016,2/8/2020,25789
773,fkorejslg,ssudworthlg@utexas.edu,50,Poland,Quality Control Specialist,green,11/12/2018,10/26/2020,35931
774,mbetterisslh,fshovellerlh@youtube.com,62,Niger,Social Worker,purple,4/15/2018,10/10/2021,90844
775,ntrehearnli,nkuschekli@ca.gov,97,Portugal,Accounting Assistant II,red,8/4/2010,7/29/2021,58509
776,ewaggettlj,ibourgeoislj@ucla.edu,43,Philippines,Accountant IV,blue,4/15/2017,4/8/2022,16971
777,bluttylk,pcadwalladerlk@hhs.gov,50,Brazil,Help Desk Technician,blue,1/1/2011,5/11/2021,52874
778,koxerll,lvasilievll@taobao.com,45,China,Research Assistant IV,red,10/5/2015,1/9/2022,37459
779,billinglm,mmaclucaislm@technorati.com,57,Indonesia,Food Chemist,yellow,9/28/2012,9/7/2022,16739
780,sstegellln,bblandamoreln@4shared.com,79,China,VP Accounting,yellow,4/23/2020,1/24/2021,16498
781,smellylo,gwassonlo@google.nl,92,Kenya,Geologist II,purple,1/6/2017,7/14/2021,32771
782,ssatterfittlp,tshapirolp@unblog.fr,48,Palau,Web Designer I,blue,7/5/2020,11/7/2022,26648
783,mvickarlq,etwigglq@plala.or.jp,72,Poland,Cost Accountant,yellow,12/7/2019,6/23/2021,40309
784,strehearnelr,mblastocklr@msn.com,53,Indonesia,Paralegal,yellow,8/4/2010,7/2/2020,77386
785,edunstonels,psteinorls@google.it,23,Argentina,Paralegal,blue,4/30/2016,2/8/2022,91527
786,fboerderlt,fvigerslt@meetup.com,96,Sri Lanka,VP Marketing,blue,6/21/2014,2/7/2022,72546
787,besplu,mcoatenlu@taobao.com,62,Chad,Technical Writer,yellow,8/7/2016,6/29/2021,94372
788,adevenishlv,rpaulettolv@dion.ne.jp,100,Sweden,Librarian,purple,10/14/2016,4/2/2022,41368
789,cshakeladylw,bdegiovannilw@tuttocitta.it,67,Spain,Research Nurse,blue,3/27/2010,4/4/2021,75174
790,abodycotelx,pormistonelx@mac.com,46,Vietnam,Business Systems Development Analyst,yellow,7/28/2013,6/19/2022,69443
791,asmizly,gwartnabyly@shutterfly.com,98,Brazil,Electrical Engineer,green,11/28/2020,12/16/2020,38445
792,vsichalz,jmirandalz@europa.eu,43,Brazil,Quality Control Specialist,blue,8/20/2022,5/2/2020,38612
793,jgutridgem0,jcavillem0@howstuffworks.com,91,Russia,Sales Representative,red,11/6/2013,5/11/2022,58543
794,nguentherm1,gdarem1@nifty.com,40,Japan,Help Desk Technician,blue,2/8/2016,12/22/2021,58031
795,rclimarm2,afennam2@blogspot.com,32,Palestinian Territory,Structural Analysis Engineer,blue,10/27/2021,10/25/2021,94661
796,stapscottm3,dmitchelsonm3@google.com.au,19,Argentina,Speech Pathologist,yellow,3/23/2015,9/30/2022,8454
797,mryriem4,mronischm4@bloomberg.com,53,Brazil,Senior Editor,purple,4/19/2022,11/30/2022,83923
798,wsculpherm5,ehavertym5@dell.com,60,Egypt,Librarian,yellow,11/5/2011,1/19/2020,12622
799,vgreenrdem6,mglandm6@unesco.org,83,China,Nurse Practicioner,yellow,3/31/2013,9/5/2021,87701
800,nbuddenm7,bsirmanm7@exblog.jp,52,Brazil,Nurse Practicioner,red,7/15/2010,1/30/2022,21594
801,gfraserm8,fsoutherillm8@baidu.com,81,Canada,Speech Pathologist,purple,5/19/2010,11/15/2021,45717
802,bcastellm9,dsebertm9@nyu.edu,53,Malta,Mechanical Systems Engineer,green,12/4/2020,6/1/2022,77005
803,abrattenma,jkubanma@comcast.net,99,China,Sales Representative,purple,1/17/2014,6/18/2020,69977
804,mberrowmb,medemb@marriott.com,65,Paraguay,Compensation Analyst,blue,10/9/2011,9/24/2021,21126
805,rbeamissmc,mklessemc@alibaba.com,87,Indonesia,Software Consultant,purple,7/16/2017,9/16/2022,9350
806,rcoppockmd,woxtabymd@slashdot.org,73,Poland,Occupational Therapist,yellow,3/1/2015,2/20/2021,13969
807,adeyeme,wsegome@dmoz.org,37,China,Recruiting Manager,red,7/27/2010,6/17/2021,62419
808,kjollissmf,aschachtermf@yellowpages.com,48,China,Software Consultant,green,7/23/2013,12/18/2021,72374
809,sgabbatmg,gperrinchiefmg@cargocollective.com,70,Vanuatu,Senior Developer,green,6/24/2011,6/10/2022,9242
810,ggoldthorpemh,tvankovmh@admin.ch,94,Ecuador,Cost Accountant,purple,4/8/2015,7/3/2022,63420
811,bbrannmi,dwillimottmi@1688.com,93,Central African Republic,GIS Technical Architect,red,12/18/2022,4/14/2022,29481
812,uragdalemj,ekarlsenmj@walmart.com,55,Brazil,Budget/Accounting Analyst II,blue,5/26/2014,1/25/2020,94818
813,nmulqueenymk,apetrukmk@google.com,39,Greece,Editor,blue,7/31/2018,1/15/2020,35526
814,bclackml,bbaldiniml@myspace.com,96,China,VP Product Management,red,1/27/2015,10/15/2021,48054
815,akindellmm,yscorermm@imageshack.us,39,Ukraine,Research Associate,red,10/18/2014,11/13/2021,468
816,sodugganmn,tblowfieldmn@simplemachines.org,63,Serbia,Chief Design Engineer,yellow,3/19/2020,3/8/2020,63824
817,alongomo,mpendergastmo@census.gov,42,Thailand,Safety Technician III,yellow,7/21/2020,7/18/2020,72601
818,jjarrardmp,anorcuttmp@arizona.edu,81,Brazil,Internal Auditor,purple,3/28/2016,1/30/2020,79388
819,hgibbardmq,mcooganmq@issuu.com,54,China,Media Manager II,blue,5/2/2014,8/30/2021,2683
820,pculverhousemr,gmedmoremr@macromedia.com,41,Azerbaijan,Chemical Engineer,green,6/28/2017,7/3/2022,11432
821,lgliddenms,gbarsonms@digg.com,19,Portugal,Budget/Accounting Analyst I,green,11/20/2010,10/31/2020,70890
822,jjestmt,mcoardmt@dmoz.org,50,China,Senior Financial Analyst,red,12/25/2020,4/2/2020,18516
823,ahyndmu,amcenirymu@jigsy.com,52,China,Desktop Support Technician,red,4/3/2013,11/20/2022,24901
824,lurvoymv,amckimmv@soundcloud.com,55,China,Nurse Practicioner,blue,11/30/2020,3/23/2020,71104
825,ltaffeemw,bzorenermw@mysql.com,92,Bangladesh,VP Accounting,blue,7/10/2013,12/12/2020,73208
826,npitbladomx,ktrunbymx@cnet.com,28,China,Nuclear Power Engineer,blue,10/26/2013,12/17/2022,67062
827,blinaymy,bdemanchemy@alibaba.com,84,France,Assistant Media Planner,green,1/19/2012,3/20/2020,82918
828,hsolamz,gricciardellomz@is.gd,94,China,Compensation Analyst,green,8/13/2019,12/1/2021,31675
829,bcottinghamn0,aplankn0@adobe.com,37,Armenia,Structural Engineer,red,11/30/2020,6/27/2022,18296
830,jstopsn1,mpendryn1@google.es,40,China,Biostatistician I,green,2/19/2019,12/24/2021,17994
831,zbercevelon2,lclealn2@sfgate.com,26,China,Analog Circuit Design manager,blue,4/11/2010,11/27/2021,63717
832,rwandrackn3,khouldcroftn3@constantcontact.com,90,Sweden,Human Resources Assistant III,blue,10/29/2017,12/17/2021,92642
833,mcowlingn4,pminnockn4@bloomberg.com,39,Japan,Graphic Designer,yellow,12/22/2011,12/26/2022,89489
834,dthrelfalln5,cgourlien5@i2i.jp,73,Indonesia,Associate Professor,green,9/7/2021,3/6/2021,11860
835,gmoloneyn6,epennellsn6@bbc.co.uk,57,Indonesia,Desktop Support Technician,yellow,12/7/2012,7/19/2022,5334
836,hklishinn7,mfowgiesn7@indiegogo.com,59,Poland,Payment Adjustment Coordinator,purple,6/29/2017,12/4/2021,98008
837,twynettn8,dopdenorthn8@bing.com,19,Indonesia,Senior Editor,red,9/20/2022,7/2/2020,95888
838,kmollonn9,tspoorn9@whitehouse.gov,92,Nicaragua,Nuclear Power Engineer,green,9/2/2019,5/29/2020,49978
839,dperrynna,cblakerna@msu.edu,48,Haiti,VP Accounting,yellow,8/8/2014,11/22/2020,683
840,brosewarnenb,oetheredgenb@amazon.com,52,Indonesia,Sales Associate,red,4/12/2022,7/8/2021,33603
841,lsoamesnc,rveryardnc@utexas.edu,43,Pakistan,Account Coordinator,blue,5/31/2011,3/15/2020,49604
842,aallworthynd,kburkhillnd@yahoo.com,89,Brazil,Tax Accountant,yellow,9/8/2014,1/15/2021,11532
843,tparadycene,cgreensittne@yellowpages.com,74,Mexico,Senior Developer,red,12/4/2020,8/15/2022,78457
844,wobruennf,ematteininf@newsvine.com,81,Indonesia,Developer III,blue,8/8/2022,10/3/2020,52067
845,dtorrieng,yparoning@jimdo.com,54,Russia,Web Developer I,red,8/3/2021,2/18/2022,47096
846,bcourtliffnh,vshebernh@fc2.com,80,Ethiopia,Product Engineer,green,9/2/2011,2/16/2021,15520
847,rbreadni,lsturmeyni@plala.or.jp,32,Cambodia,Sales Representative,green,11/17/2020,10/11/2021,30342
848,amacparlannj,ssoniernj@wunderground.com,29,Philippines,Environmental Specialist,purple,8/4/2019,9/19/2020,74898
849,lguestnk,wmedcalfenk@twitpic.com,27,China,Chemical Engineer,green,7/4/2021,3/8/2020,91433
850,mcowapnl,jlomanseynl@cdc.gov,52,China,Physical Therapy Assistant,yellow,7/26/2013,2/1/2020,68537
851,ssillynm,kbarreaunm@tamu.edu,67,Portugal,Staff Scientist,red,11/19/2021,3/1/2021,79507
852,akelsallnn,daronownn@ifeng.com,73,Poland,Graphic Designer,red,12/4/2010,3/7/2022,83959
853,ksymmsno,gduhamelno@diigo.com,51,Japan,Assistant Media Planner,yellow,11/15/2020,5/22/2022,80652
854,sroonnp,cboiknp@theglobeandmail.com,44,Indonesia,Community Outreach Specialist,yellow,2/10/2014,12/20/2020,55168
855,mpeircenq,iwillisonnq@mysql.com,98,Syria,Staff Accountant III,yellow,8/13/2019,12/15/2020,38228
856,mcheersnr,njaquinnr@tmall.com,83,Kosovo,Desktop Support Technician,yellow,3/18/2020,8/31/2021,34547
857,ttipperns,bserrurierns@house.gov,82,China,Chief Design Engineer,purple,2/5/2018,1/31/2020,88151
858,ecroziernt,rmissendennt@amazon.com,27,Uruguay,Help Desk Technician,green,1/5/2016,12/5/2020,45871
859,dgallymorenu,hmeneghinu@imageshack.us,92,China,VP Marketing,purple,12/10/2022,7/3/2021,77764
860,cmonteithnv,amcritchienv@craigslist.org,32,China,Senior Sales Associate,red,3/2/2022,10/4/2022,16381
861,abladenw,astotenw@gizmodo.com,71,Ukraine,Assistant Media Planner,green,6/8/2012,7/4/2022,34188
862,jsmorthitnx,gvandenhofnx@ox.ac.uk,72,Indonesia,GIS Technical Architect,purple,7/27/2014,2/27/2020,28671
863,robradaneny,kfinlaysonny@fastcompany.com,37,Israel,Recruiter,green,4/27/2014,12/18/2022,48946
864,cgiannz,mswettenhamnz@wiley.com,56,Uzbekistan,Editor,green,1/24/2011,5/12/2020,73424
865,etrippicko0,pworcso0@discuz.net,74,Malaysia,Research Nurse,red,6/24/2015,12/4/2021,82509
866,awaddilowo1,oeastwoodo1@abc.net.au,51,Ireland,Staff Accountant III,green,12/6/2019,12/3/2020,38941
867,tkeysallo2,kgimerto2@dailymail.co.uk,96,Thailand,Information Systems Manager,red,10/12/2010,8/12/2022,13715
868,vkaygillo3,layersto3@networksolutions.com,69,Indonesia,Software Engineer II,blue,9/14/2022,11/29/2020,70961
869,amoldo4,cridpatho4@cmu.edu,60,Switzerland,Speech Pathologist,yellow,11/29/2021,7/14/2021,64639
870,churdwello5,gforresto5@quantcast.com,81,China,Developer IV,purple,4/8/2020,10/4/2020,15743
871,lkillougho6,oassardo6@bbb.org,77,China,General Manager,purple,6/1/2021,3/9/2020,5195
872,adaburno7,mlintallo7@engadget.com,99,Kazakhstan,Financial Analyst,blue,7/13/2012,9/16/2022,36558
873,wbertomeuo8,cexello8@slideshare.net,18,Bosnia and Herzegovina,Accountant III,red,10/12/2019,1/13/2020,52488
874,icrossgroveo9,cadlingtono9@google.co.uk,56,Pakistan,Professor,blue,1/21/2016,12/8/2022,67980
875,mbrazeloa,dvaudoa@t-online.de,44,Brazil,VP Sales,purple,6/19/2010,5/5/2022,29988
876,dmcgaugieob,icharlwoodob@blogger.com,27,Togo,VP Marketing,green,2/13/2022,3/8/2022,77039
877,lchatinoc,tcheetamoc@yellowbook.com,79,Indonesia,Software Consultant,yellow,9/8/2012,10/21/2020,57196
878,lderringtonod,hdurdyod@webmd.com,96,Netherlands,Quality Engineer,green,7/6/2015,3/8/2021,1829
879,rscuseoe,rsherebrookoe@gravatar.com,96,Philippines,Senior Editor,purple,2/7/2020,3/25/2022,88639
880,bmapsonof,ctriplettof@independent.co.uk,56,China,Senior Financial Analyst,purple,1/3/2022,2/14/2020,77380
881,twaldramog,btraiteog@paginegialle.it,40,Philippines,Chemical Engineer,purple,12/12/2013,8/31/2020,96169
882,rtomlinsonoh,tbachmanoh@nih.gov,81,Armenia,Engineer II,purple,1/17/2013,9/29/2022,13073
883,lcalveroi,jyexleyoi@cnet.com,99,China,Project Manager,green,2/10/2017,10/4/2020,44420
884,rkeareyoj,jmathonoj@usa.gov,66,Greece,Automation Specialist III,purple,10/13/2022,7/18/2021,43203
885,rcrucesok,fgannonok@google.de,76,Philippines,Biostatistician II,red,6/29/2015,12/3/2020,11326
886,cabramsonol,djaouenol@ft.com,20,China,Account Executive,purple,11/17/2010,7/15/2020,46859
887,eisoldiom,kkerseyom@so-net.ne.jp,58,China,Safety Technician IV,purple,10/11/2019,5/31/2022,79510
888,cgamblinon,rdiscombeon@toplist.cz,63,Portugal,Actuary,purple,6/27/2017,1/26/2020,93415
889,mzoaneoo,tizchakioo@mlb.com,37,Ukraine,Geologist II,yellow,6/7/2014,12/18/2021,15849
890,lbeattyop,vpaxfordeop@zdnet.com,77,Greece,Teacher,yellow,7/7/2021,2/21/2021,59473
891,bdurnianoq,nslowanoq@state.gov,34,Paraguay,Structural Engineer,blue,9/27/2021,11/21/2022,18747
892,bmacascaidhor,erostronor@squidoo.com,76,Iran,Statistician II,red,8/4/2012,12/22/2022,50554
893,dgeindreos,kskirrowos@xrea.com,34,Indonesia,Office Assistant III,yellow,9/28/2012,5/11/2022,10927
894,wbrozot,tkeoghanot@rakuten.co.jp,95,Philippines,Legal Assistant,green,7/22/2018,1/18/2022,75602
895,alaidlowou,aeinchcombeou@tiny.cc,41,Pakistan,Human Resources Manager,green,5/15/2017,9/17/2022,44406
896,ctolmanov,astotherov@pcworld.com,64,Russia,Account Representative III,yellow,1/13/2015,4/25/2020,13149
897,cmaticow,crisdallow@photobucket.com,34,Indonesia,VP Quality Control,yellow,3/31/2021,7/21/2022,12287
898,nobeeox,dsevierox@nytimes.com,82,Yemen,Safety Technician IV,yellow,1/2/2012,3/7/2020,68817
899,omacfadzanoy,kkleinhausenoy@mozilla.com,67,Philippines,Database Administrator III,red,5/27/2013,11/6/2020,49402
900,nmcconachieoz,jcorkeoz@virginia.edu,55,Macedonia,Health Coach IV,purple,10/20/2010,5/26/2021,76593
901,ehaughp0,dbattabeep0@howstuffworks.com,23,Bosnia and Herzegovina,Editor,yellow,1/23/2016,12/6/2022,11322
902,twoodlandsp1,sflemmichp1@hp.com,61,Russia,Research Associate,blue,6/30/2019,5/23/2022,41372
903,wwoolwardp2,vbalintp2@google.com,35,China,Legal Assistant,purple,11/21/2012,10/7/2021,90519
904,mpratep3,dgrossmanp3@sciencedaily.com,57,Indonesia,Occupational Therapist,blue,7/22/2010,10/15/2022,44222
905,epawelp4,ipesikp4@w3.org,42,Russia,Nuclear Power Engineer,red,12/14/2014,1/1/2022,15753
906,lmontfortp5,cossultonp5@jimdo.com,42,China,Account Executive,green,8/10/2013,10/26/2022,33603
907,amacknessp6,slangleyp6@hatena.ne.jp,75,United States,Help Desk Operator,purple,4/8/2022,12/18/2020,92868
908,ocowserp7,ssperryp7@netscape.com,96,Indonesia,Automation Specialist I,red,10/27/2019,5/11/2020,59476
909,eislepp8,mcolreinp8@usatoday.com,50,Indonesia,Internal Auditor,red,7/24/2016,1/23/2020,49040
910,gfranzinip9,hkitteringhamp9@blogs.com,90,Antigua and Barbuda,Tax Accountant,blue,5/24/2012,11/9/2022,90133
911,nwhittenpa,wwillspa@fema.gov,27,Brazil,Electrical Engineer,purple,1/16/2017,7/26/2022,5927
912,tkennettpb,edavernpb@flavors.me,27,Israel,Graphic Designer,red,6/16/2018,9/10/2021,62332
913,ccobbypc,iincepc@uiuc.edu,58,Dominican Republic,Senior Editor,yellow,2/17/2017,9/23/2020,81300
914,wrestieauxpd,kcundeypd@i2i.jp,23,South Africa,Computer Systems Analyst I,yellow,12/20/2021,2/19/2022,20136
915,kbullierpe,jpattenpe@ning.com,63,Russia,Web Developer I,purple,7/14/2022,12/28/2020,45947
916,nbaumaierpf,jperrinspf@weibo.com,22,China,Sales Representative,green,6/13/2012,12/10/2020,92136
917,lklaiserpg,fbluettpg@google.es,18,China,Senior Cost Accountant,purple,7/17/2018,1/17/2022,92147
918,ldixceyph,dhellikerph@vk.com,32,Indonesia,Executive Secretary,blue,5/15/2018,8/9/2020,99201
919,cpilkintonpi,krevenpi@ovh.net,26,Indonesia,Physical Therapy Assistant,green,6/11/2020,5/10/2021,51198
920,abirchettpj,whuggonspj@paypal.com,18,Kosovo,Technical Writer,purple,2/24/2019,9/4/2021,93439
921,pdobeypk,hdunseathpk@mayoclinic.com,88,China,Analog Circuit Design manager,purple,2/18/2019,2/2/2022,91655
922,awollerpl,cbrownillpl@taobao.com,92,Serbia,Web Designer IV,green,7/2/2014,11/20/2022,20449
923,rtattersallpm,dkopecpm@google.it,80,Russia,GIS Technical Architect,red,10/9/2021,9/12/2022,71215
924,rgoodbournpn,vdroverpn@reference.com,79,Armenia,Editor,red,5/6/2013,9/13/2022,66339
925,alortzpo,wmalafepo@cafepress.com,90,Brazil,Budget/Accounting Analyst IV,green,7/12/2019,3/8/2020,28618
926,mbeldampp,wdripp@un.org,61,Kazakhstan,Civil Engineer,blue,3/23/2018,3/12/2021,24801
927,rallewellpq,rwonhampq@smh.com.au,85,China,Biostatistician III,purple,6/14/2013,5/7/2022,78905
928,atordiffepr,tsaenzpr@sohu.com,60,China,Information Systems Manager,yellow,10/8/2020,3/4/2021,29479
929,mlewerps,cmercikps@delicious.com,91,Slovenia,General Manager,purple,9/1/2012,11/14/2021,66263
930,mwisedalept,tbamfordpt@cdbaby.com,79,Chile,GIS Technical Architect,red,3/20/2018,2/1/2022,82180
931,ddoerspu,fpresnellpu@eepurl.com,58,Brazil,Analyst Programmer,purple,10/7/2011,7/21/2021,30795
932,freidepv,shaycoxpv@rediff.com,58,Cuba,VP Accounting,blue,12/23/2013,9/8/2020,38329
933,dottonpw,leasmanpw@miitbeian.gov.cn,97,China,Programmer Analyst III,purple,8/13/2021,1/24/2022,30617
934,farchibouldpx,mtuxillpx@loc.gov,77,Poland,Environmental Specialist,blue,10/21/2011,9/30/2021,78005
935,dstapfordpy,cflyepy@cafepress.com,68,Indonesia,Design Engineer,green,1/19/2016,12/23/2022,34058
936,fgodinpz,wruberrypz@bizjournals.com,87,China,General Manager,purple,11/9/2022,12/26/2022,26467
937,jbouldeq0,kclineckq0@mysql.com,85,Madagascar,Help Desk Technician,red,12/21/2016,7/22/2020,75779
938,lmaryetq1,mplowesq1@ask.com,48,Turkmenistan,Programmer Analyst II,blue,8/5/2015,5/31/2021,21433
939,rkenworthyq2,gandreouq2@sourceforge.net,44,Ivory Coast,Programmer II,purple,10/7/2015,9/24/2020,83770
940,ghyronsq3,sgristonq3@usnews.com,61,United States,Financial Advisor,purple,1/15/2015,6/28/2022,18759
941,kladlowq4,sbrosoliq4@google.es,63,Madagascar,Software Test Engineer II,green,7/18/2013,7/2/2021,37473
942,okemmonsq5,ddenisetq5@usa.gov,71,Poland,Computer Systems Analyst II,purple,7/2/2018,3/18/2021,9036
943,wchomiczq6,mstraffonq6@hexun.com,42,China,Programmer Analyst III,green,8/12/2010,2/4/2020,19208
944,dmainlandq7,wduckworthq7@army.mil,76,China,Web Designer III,red,8/26/2022,3/26/2020,96927
945,bivattsq8,lrhuleq8@live.com,39,Indonesia,Paralegal,yellow,8/2/2022,9/1/2022,9925
946,mlorinezq9,cfrippq9@last.fm,99,Mexico,Budget/Accounting Analyst III,purple,4/14/2016,5/2/2022,81309
947,bsporrijqa,apiercyqa@hud.gov,76,Yemen,Environmental Specialist,purple,12/29/2017,9/27/2022,30986
948,lcupperqb,mcantyqb@csmonitor.com,91,Bahrain,Quality Control Specialist,green,7/20/2016,8/30/2021,27696
949,lditerqc,aspohrqc@miibeian.gov.cn,100,Sweden,Accountant I,purple,8/8/2021,11/18/2021,12626
950,mmcquieqd,cstannettqd@goodreads.com,68,China,Staff Scientist,purple,3/30/2016,10/27/2022,24215
951,mfinlasonqe,dhuisonqe@oaic.gov.au,34,Russia,Internal Auditor,red,7/20/2021,4/9/2020,82421
952,egheorghieqf,xpourvoieurqf@blogspot.com,92,Colombia,Programmer Analyst I,purple,11/3/2019,5/7/2022,22361
953,mpanswickqg,rwarwickqg@studiopress.com,74,Argentina,VP Product Management,green,10/27/2017,1/28/2021,55096
954,cbeecraftqh,lschirokqh@vimeo.com,30,Japan,Account Executive,blue,7/1/2013,7/4/2022,57265
955,tberendsqi,spiggremqi@vimeo.com,19,Argentina,Structural Analysis Engineer,red,9/8/2010,6/13/2021,18967
956,mleyreqj,mcrowdaceqj@foxnews.com,28,China,Assistant Manager,green,11/14/2022,9/18/2020,96781
957,cmehaffeyqk,hgayqk@engadget.com,53,Cuba,Account Coordinator,blue,6/5/2010,3/16/2021,53454
958,gtuffieldql,egorickql@goo.ne.jp,77,Canada,Sales Representative,yellow,6/28/2017,9/20/2020,42031
959,jhearlqm,cfarmanqm@cyberchimps.com,92,Philippines,Pharmacist,red,3/17/2011,11/5/2021,69013
960,rcowsbyqn,hmacgaughyqn@squidoo.com,75,France,Desktop Support Technician,yellow,6/26/2019,9/15/2020,66651
961,klongqo,hdudinqo@unesco.org,87,Qatar,Statistician II,blue,10/7/2017,5/15/2021,66255
962,tbostonqp,scindereyqp@studiopress.com,69,Ireland,Associate Professor,yellow,9/2/2012,9/27/2020,40037
963,mbenediktovichqq,dcarahqq@topsy.com,85,Philippines,Director of Sales,purple,6/10/2017,5/9/2021,18663
964,adresselqr,rleadstonqr@flickr.com,74,Philippines,Geologist IV,red,8/10/2021,10/23/2021,11701
965,gcrossgroveqs,jvittoreqs@europa.eu,86,China,Clinical Specialist,green,5/26/2015,9/1/2022,93071
966,aarchambaultqt,pfraczekqt@trellian.com,37,Mexico,Information Systems Manager,purple,11/20/2016,10/2/2020,31744
967,gmattersleyqu,bgoodburqu@friendfeed.com,46,Peru,Clinical Specialist,yellow,9/18/2012,4/24/2022,51935
968,acorderoqv,isibbeqv@goo.ne.jp,31,Pakistan,Mechanical Systems Engineer,purple,6/20/2019,10/17/2021,13325
969,prowdellqw,aduckettqw@taobao.com,47,Brazil,Systems Administrator IV,blue,1/19/2021,10/10/2020,42456
970,mshoebottomqx,cwallenqx@lycos.com,27,Bangladesh,Data Coordinator,purple,11/27/2021,9/17/2021,29991
971,sseyfartqy,pyellowleaqy@meetup.com,47,Indonesia,Structural Engineer,blue,5/30/2016,8/2/2021,62311
972,adoolandqz,frazzellqz@printfriendly.com,29,Indonesia,Dental Hygienist,purple,5/2/2019,7/25/2021,39682
973,jhasselbyr0,zstenhouser0@1688.com,76,Colombia,Biostatistician II,yellow,2/13/2013,11/30/2021,64974
974,ebuckleyr1,ppigdenr1@ucla.edu,71,Russia,Physical Therapy Assistant,purple,7/1/2021,8/26/2020,78950
975,ecicccittir2,imcramseyr2@multiply.com,19,China,Junior Executive,yellow,9/16/2020,8/8/2020,25987
976,poldroydr3,wblazebyr3@shareasale.com,79,China,Safety Technician III,yellow,3/14/2014,6/6/2021,68159
977,lschachterr4,dhalltr4@ucsd.edu,36,Portugal,Compensation Analyst,purple,11/19/2014,4/5/2020,7749
978,vdoerlingr5,obellochr5@mozilla.com,26,United States,Accounting Assistant I,yellow,10/14/2015,1/7/2020,14724
979,bomarr6,tbowringr6@cbsnews.com,19,China,Help Desk Operator,red,1/20/2020,5/27/2022,6380
980,sbrysonr7,jfearyr7@e-recht24.de,49,Vietnam,Web Developer IV,purple,7/26/2020,8/18/2021,47672
981,riddonsr8,rbarthelemyr8@csmonitor.com,18,South Korea,Project Manager,red,12/13/2021,11/18/2020,35442
982,alathburyr9,cudallr9@pbs.org,30,Russia,Research Nurse,yellow,2/13/2018,7/3/2022,83220
983,cpurkessra,pfiddlerra@oaic.gov.au,23,Indonesia,Senior Cost Accountant,green,3/14/2016,3/15/2021,52425
984,graymanrb,asherryrb@livejournal.com,96,France,Software Consultant,red,1/29/2019,11/20/2021,17460
985,jkinforthrc,jbraemerrc@china.com.cn,76,Portugal,Desktop Support Technician,yellow,11/4/2011,6/30/2022,58576
986,vcristofaninird,edowmanrd@amazon.co.uk,61,Finland,Mechanical Systems Engineer,red,9/21/2020,12/24/2022,60745
987,htrayhornre,sgyppsre@bbc.co.uk,55,Palau,Systems Administrator III,purple,6/2/2012,6/4/2021,24887
988,rpyfferf,hnewtownrf@wikia.com,60,Uzbekistan,Senior Quality Engineer,purple,9/20/2012,11/21/2022,32541
989,amcginlayrg,gbransdenrg@tmall.com,35,Palestinian Territory,Administrative Officer,blue,10/9/2016,4/1/2021,95777
990,cprallrh,ggarricrh@typepad.com,62,Argentina,Environmental Specialist,red,6/15/2019,12/3/2022,73573
991,gcysterri,bdansieri@indiatimes.com,100,Poland,Quality Control Specialist,purple,11/15/2021,5/15/2020,21712
992,vbeddisrj,cabthorperj@tamu.edu,55,China,Assistant Professor,purple,5/19/2022,5/10/2020,8836
993,tfliggrk,msimeonsrk@wikispaces.com,89,Thailand,Food Chemist,red,7/23/2016,8/11/2020,53750
994,dwhitewayrl,fcroneyrl@toplist.cz,42,Philippines,Paralegal,green,7/27/2012,1/12/2020,32062
995,sreinischrm,bharridgerm@google.com.br,75,Poland,Staff Scientist,blue,10/27/2019,8/8/2021,3536
996,csneezemrn,hclaysonrn@flavors.me,74,China,Editor,blue,4/21/2013,11/8/2022,82674
997,jkiltiero,kkynderro@nationalgeographic.com,77,Thailand,Help Desk Technician,yellow,10/21/2019,10/24/2022,5225
998,dlitelrp,pwhitcombrp@admin.ch,82,France,Administrative Assistant II,yellow,8/27/2017,6/28/2021,13284
999,lsandwickrq,kcamfieldrq@plala.or.jp,22,China,Chemical Engineer,purple,3/30/2010,7/1/2020,15370
1000,ssylettrr,ehaycroftrr@bluehost.com,94,Sweden,Civil Engineer,blue,2/26/2012,3/13/2021,58993
